zone,pickup_hour_eat,trips,pred,err,active_drivers,rain_mm,matched_event_ids,hypothesis
Megenagna,2025-09-10 20:00,640.0,47.6,592.4,56.0,1.8,,"suspected corrupted record: 11.4 trips per active driver (normal ≈1.3), trips look ~10x inflated"
CMC,2025-10-07 07:00,592.0,56.3,535.7,56.0,0.0,,"suspected corrupted record: 10.6 trips per active driver (normal ≈1.3), trips look ~10x inflated"
Merkato,2025-10-18 06:00,528.0,49.8,478.2,49.0,0.0,,"suspected corrupted record: 10.8 trips per active driver (normal ≈1.3), trips look ~10x inflated"
Merkato,2025-10-08 17:00,512.0,64.4,447.6,49.0,0.0,,"suspected corrupted record: 10.4 trips per active driver (normal ≈1.3), trips look ~10x inflated"
Gerji,2025-10-13 20:00,424.0,45.1,378.9,31.0,0.0,,"suspected corrupted record: 13.7 trips per active driver (normal ≈1.3), trips look ~10x inflated"
Sarbet,2025-10-10 18:00,408.0,50.9,357.1,38.0,0.0,,"suspected corrupted record: 10.7 trips per active driver (normal ≈1.3), trips look ~10x inflated"
CMC,2025-10-14 20:00,392.0,47.0,345.0,32.0,0.0,,"suspected corrupted record: 12.2 trips per active driver (normal ≈1.3), trips look ~10x inflated"
Kolfe,2025-09-27 18:00,376.0,43.1,332.9,29.0,0.0,EVT-0126,"suspected corrupted record: 13.0 trips per active driver (normal ≈1.3), trips look ~10x inflated"
Kazanchis,2025-10-25 18:00,464.0,161.3,302.7,40.0,0.0,EVT-0149,"suspected corrupted record: 11.6 trips per active driver (normal ≈1.3), trips look ~10x inflated"
Lideta,2025-10-03 07:00,368.0,67.5,300.5,32.0,0.0,,"suspected corrupted record: 11.5 trips per active driver (normal ≈1.3), trips look ~10x inflated"
