zone,n,mean_trips,rmse,mae,bias(actual-pred),mae_pct_of_mean
Merkato,1331.0,46.98271975957926,22.250057732298675,9.211455811894014,1.2620964909596164,19.606050605480114
CMC,1328.0,30.6769578313253,20.38095189412339,6.861618561109001,0.6657710491814423,22.367337070504316
Megenagna,1334.0,44.873313343328334,20.308602686899288,8.729291421318758,0.0020707436070631006,19.45319115290293
Kazanchis,1333.0,38.71305326331583,18.340641671711488,8.885721813176776,-0.05027578105575081,22.952779654806545
Lideta,1334.0,33.218515742128936,15.812504028160914,7.132473076097926,-0.44124603623580694,21.471377985297107
Gerji,1339.0,28.552651232262882,12.878397814689263,5.7772507214713,0.43721410925155,20.233675235535863
Bole,1331.0,44.68256949661908,12.47829815947066,9.129983669846713,-0.6083086509045248,20.432987119367734
Sarbet,1335.0,25.37378277153558,12.018124406766022,5.3621779455571215,0.5091366395493435,21.13274947546424
Kolfe,1337.0,26.681002243829468,11.595658615349004,5.437693494343692,0.26788045889554735,20.380394426904523
Piassa,1338.0,33.10500747384155,11.102819764942588,6.333142314657676,0.0015178110262818673,19.130466349122287
Arat Kilo,1336.0,23.64932634730539,7.546484402556162,4.789605378203248,-0.022017398533813168,20.25260807798433
Ayat,1337.0,20.955497382198953,6.254616135329971,4.513393704383427,-0.02772839998066374,21.53799369237313
