row_id,predicted_trips
TEST-00001,48.62
TEST-00002,46.46
TEST-00003,33.07
TEST-00004,97.76
TEST-00005,21.09
TEST-00006,24.22
TEST-00007,7.22
TEST-00008,60.54
TEST-00009,38.74
TEST-00010,51.03
TEST-00011,15.1
TEST-00012,6.39
TEST-00013,40.39
TEST-00014,5.33
TEST-00015,42.75
TEST-00016,20.01
TEST-00017,41.67
TEST-00018,17.69
TEST-00019,109.21
TEST-00020,47.96
TEST-00021,15.38
TEST-00022,19.76
TEST-00023,77.42
TEST-00024,7.15
TEST-00025,44.0
TEST-00026,30.8
TEST-00027,12.23
TEST-00028,5.68
TEST-00029,16.75
TEST-00030,10.53
TEST-00031,5.36
TEST-00032,82.4
TEST-00033,24.01
TEST-00034,23.72
TEST-00035,58.78
TEST-00036,35.46
TEST-00037,63.96
TEST-00038,37.28
TEST-00039,24.57
TEST-00040,18.9
TEST-00041,13.48
TEST-00042,10.34
TEST-00043,12.21
TEST-00044,9.1
TEST-00045,39.56
TEST-00046,5.98
TEST-00047,110.69
TEST-00048,20.37
TEST-00049,16.29
TEST-00050,43.78
TEST-00051,50.27
TEST-00052,8.73
TEST-00053,22.27
TEST-00054,25.41
TEST-00055,60.24
TEST-00056,37.12
TEST-00057,48.72
TEST-00058,77.15
TEST-00059,103.3
TEST-00060,32.1
TEST-00061,24.2
TEST-00062,17.52
TEST-00063,5.27
TEST-00064,9.91
TEST-00065,41.51
TEST-00066,65.32
TEST-00067,8.31
TEST-00068,22.87
TEST-00069,19.66
TEST-00070,28.13
TEST-00071,42.21
TEST-00072,26.82
TEST-00073,35.82
TEST-00074,30.43
TEST-00075,106.74
TEST-00076,41.74
TEST-00077,30.64
TEST-00078,7.02
TEST-00079,18.02
TEST-00080,6.91
TEST-00081,4.6
TEST-00082,17.26
TEST-00083,19.67
TEST-00084,30.27
TEST-00085,27.51
TEST-00086,39.71
TEST-00087,6.78
TEST-00088,31.47
TEST-00089,33.88
TEST-00090,37.9
TEST-00091,13.82
TEST-00092,36.96
TEST-00093,9.81
TEST-00094,36.9
TEST-00095,14.91
TEST-00096,93.32
TEST-00097,34.27
TEST-00098,4.09
TEST-00099,18.84
TEST-00100,4.44
TEST-00101,22.11
TEST-00102,65.38
TEST-00103,20.13
TEST-00104,52.73
TEST-00105,44.64
TEST-00106,55.14
TEST-00107,39.9
TEST-00108,29.55
TEST-00109,44.67
TEST-00110,41.51
TEST-00111,21.67
TEST-00112,23.26
TEST-00113,5.31
TEST-00114,55.28
TEST-00115,4.27
TEST-00116,62.05
TEST-00117,21.32
TEST-00118,31.65
TEST-00119,28.7
TEST-00120,109.57
TEST-00121,26.8
TEST-00122,24.26
TEST-00123,26.15
TEST-00124,73.15
TEST-00125,16.9
TEST-00126,5.09
TEST-00127,22.75
TEST-00128,77.8
TEST-00129,17.33
TEST-00130,6.96
TEST-00131,47.66
TEST-00132,5.42
TEST-00133,3.35
TEST-00134,46.92
TEST-00135,26.61
TEST-00136,18.06
TEST-00137,34.43
TEST-00138,18.33
TEST-00139,14.68
TEST-00140,18.37
TEST-00141,6.89
TEST-00142,4.43
TEST-00143,19.36
TEST-00144,52.65
TEST-00145,36.04
TEST-00146,6.52
TEST-00147,18.7
TEST-00148,9.49
TEST-00149,5.21
TEST-00150,30.77
TEST-00151,4.28
TEST-00152,10.0
TEST-00153,40.25
TEST-00154,18.86
TEST-00155,22.77
TEST-00156,71.93
TEST-00157,18.59
TEST-00158,5.94
TEST-00159,17.91
TEST-00160,14.17
TEST-00161,60.04
TEST-00162,34.79
TEST-00163,99.15
TEST-00164,32.48
TEST-00165,4.44
TEST-00166,28.88
TEST-00167,5.75
TEST-00168,64.95
TEST-00169,6.34
TEST-00170,3.85
TEST-00171,25.45
TEST-00172,39.51
TEST-00173,9.22
TEST-00174,44.93
TEST-00175,48.2
TEST-00176,24.9
TEST-00177,30.69
TEST-00178,23.96
TEST-00179,51.44
TEST-00180,71.08
TEST-00181,11.92
TEST-00182,40.93
TEST-00183,37.54
TEST-00184,55.62
TEST-00185,106.92
TEST-00186,7.98
TEST-00187,38.35
TEST-00188,18.93
TEST-00189,40.16
TEST-00190,4.33
TEST-00191,39.39
TEST-00192,20.33
TEST-00193,10.27
TEST-00194,48.77
TEST-00195,20.5
TEST-00196,22.35
TEST-00197,57.42
TEST-00198,57.47
TEST-00199,70.53
TEST-00200,58.87
TEST-00201,6.31
TEST-00202,35.43
TEST-00203,52.64
TEST-00204,39.29
TEST-00205,17.16
TEST-00206,4.92
TEST-00207,4.68
TEST-00208,53.72
TEST-00209,8.67
TEST-00210,42.8
TEST-00211,36.31
TEST-00212,12.5
TEST-00213,51.54
TEST-00214,8.51
TEST-00215,46.85
TEST-00216,19.98
TEST-00217,52.35
TEST-00218,8.5
TEST-00219,33.35
TEST-00220,50.62
TEST-00221,6.77
TEST-00222,87.3
TEST-00223,5.2
TEST-00224,4.97
TEST-00225,37.61
TEST-00226,41.8
TEST-00227,6.24
TEST-00228,39.8
TEST-00229,49.06
TEST-00230,61.57
TEST-00231,35.06
TEST-00232,29.67
TEST-00233,21.04
TEST-00234,39.87
TEST-00235,25.45
TEST-00236,5.88
TEST-00237,27.36
TEST-00238,7.18
TEST-00239,7.39
TEST-00240,5.66
TEST-00241,8.02
TEST-00242,4.42
TEST-00243,51.82
TEST-00244,30.44
TEST-00245,8.44
TEST-00246,51.76
TEST-00247,30.68
TEST-00248,16.93
TEST-00249,31.9
TEST-00250,20.67
TEST-00251,61.4
TEST-00252,3.81
TEST-00253,41.28
TEST-00254,5.88
TEST-00255,9.43
TEST-00256,25.55
TEST-00257,18.64
TEST-00258,51.41
TEST-00259,33.23
TEST-00260,24.43
TEST-00261,26.55
TEST-00262,4.54
TEST-00263,37.79
TEST-00264,47.16
TEST-00265,22.07
TEST-00266,102.73
TEST-00267,34.5
TEST-00268,23.74
TEST-00269,40.77
TEST-00270,16.38
TEST-00271,84.31
TEST-00272,17.45
TEST-00273,32.22
TEST-00274,19.42
TEST-00275,23.75
TEST-00276,19.26
TEST-00277,32.12
TEST-00278,9.5
TEST-00279,15.15
TEST-00280,12.06
TEST-00281,33.06
TEST-00282,42.77
TEST-00283,114.85
TEST-00284,8.6
TEST-00285,22.35
TEST-00286,7.8
TEST-00287,38.97
TEST-00288,3.49
TEST-00289,116.65
TEST-00290,57.89
TEST-00291,22.2
TEST-00292,64.55
TEST-00293,33.12
TEST-00294,5.12
TEST-00295,17.15
TEST-00296,11.38
TEST-00297,7.72
TEST-00298,23.15
TEST-00299,4.0
TEST-00300,4.76
TEST-00301,5.8
TEST-00302,18.15
TEST-00303,6.7
TEST-00304,42.33
TEST-00305,35.81
TEST-00306,19.75
TEST-00307,47.86
TEST-00308,8.24
TEST-00309,9.06
TEST-00310,35.51
TEST-00311,4.12
TEST-00312,31.31
TEST-00313,6.68
TEST-00314,48.33
TEST-00315,52.1
TEST-00316,5.85
TEST-00317,50.96
TEST-00318,46.49
TEST-00319,14.34
TEST-00320,34.41
TEST-00321,36.56
TEST-00322,6.52
TEST-00323,116.94
TEST-00324,5.67
TEST-00325,7.68
TEST-00326,24.98
TEST-00327,6.28
TEST-00328,30.03
TEST-00329,48.61
TEST-00330,32.43
TEST-00331,38.69
TEST-00332,5.3
TEST-00333,4.55
TEST-00334,3.86
TEST-00335,24.18
TEST-00336,22.85
TEST-00337,8.42
TEST-00338,4.72
TEST-00339,23.37
TEST-00340,7.15
TEST-00341,3.96
TEST-00342,38.82
TEST-00343,56.63
TEST-00344,17.84
TEST-00345,39.97
TEST-00346,6.87
TEST-00347,6.06
TEST-00348,10.84
TEST-00349,38.95
TEST-00350,111.87
TEST-00351,5.66
TEST-00352,31.17
TEST-00353,19.96
TEST-00354,60.82
TEST-00355,17.12
TEST-00356,49.49
TEST-00357,80.75
TEST-00358,27.31
TEST-00359,45.61
TEST-00360,14.78
TEST-00361,29.0
TEST-00362,74.06
TEST-00363,3.84
TEST-00364,9.38
TEST-00365,45.43
TEST-00366,36.39
TEST-00367,5.36
TEST-00368,4.5
TEST-00369,3.97
TEST-00370,43.96
TEST-00371,21.03
TEST-00372,3.78
TEST-00373,6.28
TEST-00374,13.48
TEST-00375,21.46
TEST-00376,7.03
TEST-00377,21.46
TEST-00378,31.85
TEST-00379,26.38
TEST-00380,11.0
TEST-00381,8.38
TEST-00382,7.72
TEST-00383,22.69
TEST-00384,56.78
TEST-00385,5.44
TEST-00386,4.64
TEST-00387,33.37
TEST-00388,54.29
TEST-00389,52.61
TEST-00390,34.76
TEST-00391,56.84
TEST-00392,21.85
TEST-00393,18.73
TEST-00394,4.81
TEST-00395,56.08
TEST-00396,9.64
TEST-00397,45.75
TEST-00398,45.47
TEST-00399,56.13
TEST-00400,66.84
TEST-00401,23.08
TEST-00402,41.29
TEST-00403,33.68
TEST-00404,58.52
TEST-00405,83.0
TEST-00406,15.07
TEST-00407,4.28
TEST-00408,50.27
TEST-00409,5.98
TEST-00410,51.83
TEST-00411,18.87
TEST-00412,42.52
TEST-00413,11.18
TEST-00414,33.7
TEST-00415,4.63
TEST-00416,19.92
TEST-00417,5.57
TEST-00418,46.13
TEST-00419,22.84
TEST-00420,8.36
TEST-00421,6.56
TEST-00422,6.05
TEST-00423,57.99
TEST-00424,39.53
TEST-00425,56.8
TEST-00426,4.9
TEST-00427,20.31
TEST-00428,7.89
TEST-00429,29.85
TEST-00430,12.3
TEST-00431,64.13
TEST-00432,33.38
TEST-00433,23.18
TEST-00434,46.8
TEST-00435,46.91
TEST-00436,5.85
TEST-00437,42.08
TEST-00438,33.75
TEST-00439,110.11
TEST-00440,25.78
TEST-00441,47.82
TEST-00442,61.65
TEST-00443,60.54
TEST-00444,12.91
TEST-00445,52.03
TEST-00446,17.4
TEST-00447,6.14
TEST-00448,61.21
TEST-00449,59.43
TEST-00450,6.67
TEST-00451,17.46
TEST-00452,28.29
TEST-00453,16.15
TEST-00454,11.08
TEST-00455,46.72
TEST-00456,72.03
TEST-00457,66.44
TEST-00458,15.14
TEST-00459,39.51
TEST-00460,46.34
TEST-00461,98.22
TEST-00462,5.9
TEST-00463,6.1
TEST-00464,25.44
TEST-00465,35.47
TEST-00466,14.36
TEST-00467,72.71
TEST-00468,48.79
TEST-00469,42.04
TEST-00470,21.86
TEST-00471,7.51
TEST-00472,18.37
TEST-00473,47.95
TEST-00474,8.52
TEST-00475,10.21
TEST-00476,21.59
TEST-00477,90.54
TEST-00478,130.93
TEST-00479,17.49
TEST-00480,39.93
TEST-00481,59.0
TEST-00482,9.47
TEST-00483,5.45
TEST-00484,6.29
TEST-00485,56.61
TEST-00486,68.23
TEST-00487,35.58
TEST-00488,29.59
TEST-00489,11.0
TEST-00490,65.19
TEST-00491,20.41
TEST-00492,8.38
TEST-00493,4.29
TEST-00494,82.56
TEST-00495,35.03
TEST-00496,28.12
TEST-00497,11.79
TEST-00498,93.8
TEST-00499,53.21
TEST-00500,38.86
TEST-00501,38.28
TEST-00502,9.13
TEST-00503,4.78
TEST-00504,29.83
TEST-00505,15.82
TEST-00506,19.66
TEST-00507,47.53
TEST-00508,4.43
TEST-00509,74.1
TEST-00510,58.44
TEST-00511,5.89
TEST-00512,21.87
TEST-00513,68.83
TEST-00514,4.33
TEST-00515,33.35
TEST-00516,51.9
TEST-00517,19.86
TEST-00518,75.64
TEST-00519,25.0
TEST-00520,31.63
TEST-00521,53.5
TEST-00522,41.47
TEST-00523,14.34
TEST-00524,70.28
TEST-00525,17.06
TEST-00526,17.81
TEST-00527,47.11
TEST-00528,3.19
TEST-00529,20.43
TEST-00530,28.76
TEST-00531,79.69
TEST-00532,5.05
TEST-00533,21.86
TEST-00534,42.62
TEST-00535,50.15
TEST-00536,37.83
TEST-00537,45.21
TEST-00538,129.06
TEST-00539,7.28
TEST-00540,19.68
TEST-00541,91.1
TEST-00542,36.59
TEST-00543,25.03
TEST-00544,9.5
TEST-00545,33.69
TEST-00546,4.73
TEST-00547,39.12
TEST-00548,19.54
TEST-00549,18.79
TEST-00550,20.26
TEST-00551,34.91
TEST-00552,38.2
TEST-00553,20.3
TEST-00554,42.55
TEST-00555,37.12
TEST-00556,55.48
TEST-00557,30.59
TEST-00558,47.65
TEST-00559,49.54
TEST-00560,56.38
TEST-00561,96.46
TEST-00562,42.34
TEST-00563,42.87
TEST-00564,29.27
TEST-00565,43.31
TEST-00566,6.46
TEST-00567,34.16
TEST-00568,25.01
TEST-00569,30.48
TEST-00570,71.83
TEST-00571,7.33
TEST-00572,36.42
TEST-00573,8.26
TEST-00574,10.7
TEST-00575,38.2
TEST-00576,3.31
TEST-00577,26.54
TEST-00578,7.18
TEST-00579,21.18
TEST-00580,104.89
TEST-00581,16.86
TEST-00582,7.99
TEST-00583,110.12
TEST-00584,6.55
TEST-00585,39.3
TEST-00586,8.03
TEST-00587,4.26
TEST-00588,11.49
TEST-00589,28.68
TEST-00590,3.86
TEST-00591,15.67
TEST-00592,43.72
TEST-00593,34.44
TEST-00594,36.54
TEST-00595,34.87
TEST-00596,47.19
TEST-00597,4.25
TEST-00598,33.69
TEST-00599,3.77
TEST-00600,37.09
TEST-00601,43.86
TEST-00602,59.92
TEST-00603,47.07
TEST-00604,35.12
TEST-00605,32.86
TEST-00606,43.12
TEST-00607,19.28
TEST-00608,48.87
TEST-00609,16.27
TEST-00610,3.44
TEST-00611,39.53
TEST-00612,31.57
TEST-00613,51.62
TEST-00614,7.61
TEST-00615,20.77
TEST-00616,43.03
TEST-00617,38.34
TEST-00618,47.2
TEST-00619,4.4
TEST-00620,23.19
TEST-00621,85.12
TEST-00622,4.62
TEST-00623,20.12
TEST-00624,25.93
TEST-00625,55.76
TEST-00626,60.58
TEST-00627,105.03
TEST-00628,59.65
TEST-00629,55.73
TEST-00630,5.65
TEST-00631,37.71
TEST-00632,41.09
TEST-00633,36.69
TEST-00634,9.95
TEST-00635,5.0
TEST-00636,7.26
TEST-00637,4.98
TEST-00638,50.42
TEST-00639,17.54
TEST-00640,8.04
TEST-00641,4.39
TEST-00642,36.15
TEST-00643,18.69
TEST-00644,9.94
TEST-00645,34.95
TEST-00646,49.24
TEST-00647,50.86
TEST-00648,14.12
TEST-00649,62.51
TEST-00650,20.24
TEST-00651,40.5
TEST-00652,50.46
TEST-00653,16.54
TEST-00654,4.24
TEST-00655,16.6
TEST-00656,40.94
TEST-00657,5.88
TEST-00658,44.93
TEST-00659,54.42
TEST-00660,96.58
TEST-00661,17.48
TEST-00662,20.87
TEST-00663,6.27
TEST-00664,29.58
TEST-00665,66.06
TEST-00666,60.88
TEST-00667,57.08
TEST-00668,59.17
TEST-00669,4.84
TEST-00670,50.31
TEST-00671,39.8
TEST-00672,33.72
TEST-00673,28.05
TEST-00674,45.2
TEST-00675,17.63
TEST-00676,70.59
TEST-00677,5.51
TEST-00678,31.27
TEST-00679,3.32
TEST-00680,40.95
TEST-00681,60.63
TEST-00682,27.62
TEST-00683,36.61
TEST-00684,40.03
TEST-00685,67.42
TEST-00686,85.53
TEST-00687,46.44
TEST-00688,24.18
TEST-00689,5.53
TEST-00690,8.17
TEST-00691,16.43
TEST-00692,63.35
TEST-00693,54.54
TEST-00694,28.57
TEST-00695,56.98
TEST-00696,5.98
TEST-00697,11.84
TEST-00698,3.64
TEST-00699,21.75
TEST-00700,67.32
TEST-00701,62.82
TEST-00702,15.72
TEST-00703,24.83
TEST-00704,7.1
TEST-00705,42.38
TEST-00706,21.96
TEST-00707,35.52
TEST-00708,5.47
TEST-00709,31.11
TEST-00710,6.71
TEST-00711,51.6
TEST-00712,4.9
TEST-00713,16.43
TEST-00714,45.55
TEST-00715,44.93
TEST-00716,46.44
TEST-00717,4.78
TEST-00718,40.21
TEST-00719,5.11
TEST-00720,40.55
TEST-00721,5.51
TEST-00722,4.99
TEST-00723,20.06
TEST-00724,38.47
TEST-00725,82.92
TEST-00726,34.9
TEST-00727,3.63
TEST-00728,34.18
TEST-00729,4.45
TEST-00730,38.77
TEST-00731,4.82
TEST-00732,5.28
TEST-00733,19.9
TEST-00734,21.99
TEST-00735,32.95
TEST-00736,15.39
TEST-00737,69.11
TEST-00738,28.0
TEST-00739,30.49
TEST-00740,10.65
TEST-00741,32.83
TEST-00742,15.31
TEST-00743,14.91
TEST-00744,20.98
TEST-00745,14.62
TEST-00746,56.51
TEST-00747,135.63
TEST-00748,15.86
TEST-00749,10.63
TEST-00750,50.7
TEST-00751,4.87
TEST-00752,36.26
TEST-00753,8.75
TEST-00754,4.25
TEST-00755,25.75
TEST-00756,5.17
TEST-00757,18.12
TEST-00758,7.21
TEST-00759,4.45
TEST-00760,6.68
TEST-00761,11.37
TEST-00762,45.21
TEST-00763,12.4
TEST-00764,43.53
TEST-00765,9.27
TEST-00766,28.28
TEST-00767,4.21
TEST-00768,5.74
TEST-00769,17.58
TEST-00770,44.72
TEST-00771,17.07
TEST-00772,87.79
TEST-00773,5.19
TEST-00774,18.89
TEST-00775,3.39
TEST-00776,60.79
TEST-00777,6.84
TEST-00778,14.86
TEST-00779,36.43
TEST-00780,4.43
TEST-00781,4.37
TEST-00782,81.85
TEST-00783,3.32
TEST-00784,3.15
TEST-00785,47.39
TEST-00786,74.95
TEST-00787,26.26
TEST-00788,5.45
TEST-00789,25.94
TEST-00790,46.49
TEST-00791,65.09
TEST-00792,49.51
TEST-00793,37.85
TEST-00794,4.42
TEST-00795,20.89
TEST-00796,17.17
TEST-00797,46.35
TEST-00798,7.31
TEST-00799,31.39
TEST-00800,4.93
TEST-00801,8.2
TEST-00802,87.14
TEST-00803,69.46
TEST-00804,70.43
TEST-00805,79.94
TEST-00806,5.09
TEST-00807,41.93
TEST-00808,106.38
TEST-00809,5.57
TEST-00810,27.25
TEST-00811,15.02
TEST-00812,76.95
TEST-00813,25.78
TEST-00814,44.67
TEST-00815,41.42
TEST-00816,24.22
TEST-00817,10.26
TEST-00818,40.26
TEST-00819,33.83
TEST-00820,17.22
TEST-00821,45.65
TEST-00822,26.28
TEST-00823,7.86
TEST-00824,27.23
TEST-00825,30.63
TEST-00826,61.34
TEST-00827,12.18
TEST-00828,7.31
TEST-00829,76.82
TEST-00830,6.21
TEST-00831,18.43
TEST-00832,28.4
TEST-00833,33.01
TEST-00834,30.45
TEST-00835,118.14
TEST-00836,9.59
TEST-00837,20.58
TEST-00838,44.7
TEST-00839,31.05
TEST-00840,15.92
TEST-00841,3.67
TEST-00842,5.72
TEST-00843,18.42
TEST-00844,84.41
TEST-00845,48.22
TEST-00846,47.93
TEST-00847,11.2
TEST-00848,43.34
TEST-00849,6.19
TEST-00850,94.57
TEST-00851,17.35
TEST-00852,20.45
TEST-00853,22.73
TEST-00854,34.46
TEST-00855,5.88
TEST-00856,43.57
TEST-00857,33.4
TEST-00858,5.86
TEST-00859,57.6
TEST-00860,38.73
TEST-00861,63.74
TEST-00862,46.4
TEST-00863,19.71
TEST-00864,38.96
TEST-00865,5.1
TEST-00866,43.61
TEST-00867,15.08
TEST-00868,29.29
TEST-00869,127.14
TEST-00870,33.97
TEST-00871,87.07
TEST-00872,9.18
TEST-00873,26.6
TEST-00874,39.2
TEST-00875,33.29
TEST-00876,52.61
TEST-00877,39.6
TEST-00878,21.07
TEST-00879,6.86
TEST-00880,18.22
TEST-00881,28.99
TEST-00882,46.29
TEST-00883,69.28
TEST-00884,22.3
TEST-00885,62.98
TEST-00886,87.92
TEST-00887,15.54
TEST-00888,80.05
TEST-00889,7.43
TEST-00890,76.91
TEST-00891,8.71
TEST-00892,24.69
TEST-00893,49.92
TEST-00894,91.81
TEST-00895,49.68
TEST-00896,6.61
TEST-00897,47.02
TEST-00898,35.17
TEST-00899,8.88
TEST-00900,3.98
TEST-00901,3.63
TEST-00902,9.31
TEST-00903,5.28
TEST-00904,24.62
TEST-00905,74.32
TEST-00906,17.35
TEST-00907,10.84
TEST-00908,18.75
TEST-00909,45.82
TEST-00910,51.37
TEST-00911,31.38
TEST-00912,21.66
TEST-00913,53.22
TEST-00914,60.34
TEST-00915,19.44
TEST-00916,17.06
TEST-00917,66.65
TEST-00918,68.62
TEST-00919,48.48
TEST-00920,26.83
TEST-00921,21.2
TEST-00922,20.76
TEST-00923,5.2
TEST-00924,54.63
TEST-00925,20.06
TEST-00926,50.26
TEST-00927,5.05
TEST-00928,52.22
TEST-00929,4.61
TEST-00930,30.18
TEST-00931,39.3
TEST-00932,21.08
TEST-00933,24.78
TEST-00934,91.43
TEST-00935,45.69
TEST-00936,18.89
TEST-00937,7.8
TEST-00938,87.71
TEST-00939,27.64
TEST-00940,25.33
TEST-00941,6.7
TEST-00942,10.95
TEST-00943,142.65
TEST-00944,7.99
TEST-00945,74.23
TEST-00946,59.74
TEST-00947,6.32
TEST-00948,7.51
TEST-00949,32.7
TEST-00950,5.27
TEST-00951,17.33
TEST-00952,6.29
TEST-00953,80.33
TEST-00954,53.33
TEST-00955,8.2
TEST-00956,100.41
TEST-00957,25.24
TEST-00958,49.98
TEST-00959,18.22
TEST-00960,7.28
TEST-00961,19.89
TEST-00962,25.02
TEST-00963,40.16
TEST-00964,40.3
TEST-00965,26.19
TEST-00966,17.9
TEST-00967,69.14
TEST-00968,56.93
TEST-00969,39.57
TEST-00970,19.65
TEST-00971,50.61
TEST-00972,37.08
TEST-00973,107.61
TEST-00974,65.36
TEST-00975,57.7
TEST-00976,25.99
TEST-00977,33.4
TEST-00978,64.85
TEST-00979,40.73
TEST-00980,7.71
TEST-00981,46.22
TEST-00982,8.88
TEST-00983,28.54
TEST-00984,38.71
TEST-00985,49.81
TEST-00986,80.76
TEST-00987,48.57
TEST-00988,59.73
TEST-00989,17.13
TEST-00990,33.21
TEST-00991,33.98
TEST-00992,59.23
TEST-00993,56.73
TEST-00994,5.67
TEST-00995,4.45
TEST-00996,51.76
TEST-00997,34.68
TEST-00998,47.51
TEST-00999,4.07
TEST-01000,19.34
TEST-01001,116.55
TEST-01002,7.41
TEST-01003,7.78
TEST-01004,36.85
TEST-01005,17.8
TEST-01006,23.56
TEST-01007,4.09
TEST-01008,5.06
TEST-01009,15.26
TEST-01010,7.42
TEST-01011,7.31
TEST-01012,63.68
TEST-01013,42.39
TEST-01014,107.75
TEST-01015,10.75
TEST-01016,20.21
TEST-01017,5.77
TEST-01018,57.65
TEST-01019,22.27
TEST-01020,44.23
TEST-01021,5.17
TEST-01022,3.76
TEST-01023,4.38
TEST-01024,10.29
TEST-01025,75.73
TEST-01026,26.01
TEST-01027,49.64
TEST-01028,6.37
TEST-01029,60.45
TEST-01030,85.31
TEST-01031,4.31
TEST-01032,17.6
TEST-01033,3.29
TEST-01034,6.2
TEST-01035,57.49
TEST-01036,32.6
TEST-01037,20.85
TEST-01038,22.98
TEST-01039,44.94
TEST-01040,35.77
TEST-01041,11.72
TEST-01042,57.76
TEST-01043,4.98
TEST-01044,40.29
TEST-01045,6.48
TEST-01046,16.61
TEST-01047,8.22
TEST-01048,6.41
TEST-01049,37.12
TEST-01050,7.24
TEST-01051,41.02
TEST-01052,4.42
TEST-01053,68.4
TEST-01054,17.09
TEST-01055,35.99
TEST-01056,22.32
TEST-01057,35.26
TEST-01058,25.48
TEST-01059,38.45
TEST-01060,4.59
TEST-01061,5.0
TEST-01062,53.77
TEST-01063,23.6
TEST-01064,34.93
TEST-01065,36.99
TEST-01066,40.05
TEST-01067,21.91
TEST-01068,3.55
TEST-01069,5.85
TEST-01070,5.68
TEST-01071,10.32
TEST-01072,45.77
TEST-01073,52.24
TEST-01074,35.32
TEST-01075,37.39
TEST-01076,33.07
TEST-01077,24.23
TEST-01078,22.44
TEST-01079,36.07
TEST-01080,16.87
TEST-01081,43.94
TEST-01082,52.47
TEST-01083,42.56
TEST-01084,80.61
TEST-01085,11.54
TEST-01086,70.24
TEST-01087,39.74
TEST-01088,63.2
TEST-01089,8.74
TEST-01090,79.49
TEST-01091,35.18
TEST-01092,129.9
TEST-01093,17.82
TEST-01094,30.17
TEST-01095,11.91
TEST-01096,12.03
TEST-01097,4.54
TEST-01098,17.0
TEST-01099,5.61
TEST-01100,40.28
TEST-01101,20.77
TEST-01102,55.35
TEST-01103,21.39
TEST-01104,50.79
TEST-01105,43.06
TEST-01106,35.19
TEST-01107,60.86
TEST-01108,3.84
TEST-01109,53.39
TEST-01110,21.89
TEST-01111,22.66
TEST-01112,61.42
TEST-01113,83.0
TEST-01114,42.25
TEST-01115,13.11
TEST-01116,4.85
TEST-01117,101.44
TEST-01118,17.69
TEST-01119,18.48
TEST-01120,22.49
TEST-01121,63.96
TEST-01122,36.83
TEST-01123,26.68
TEST-01124,10.62
TEST-01125,6.54
TEST-01126,17.13
TEST-01127,40.8
TEST-01128,19.16
TEST-01129,42.03
TEST-01130,14.43
TEST-01131,5.6
TEST-01132,61.82
TEST-01133,22.96
TEST-01134,19.67
TEST-01135,31.47
TEST-01136,4.3
TEST-01137,5.7
TEST-01138,61.18
TEST-01139,5.17
TEST-01140,19.26
TEST-01141,6.94
TEST-01142,95.95
TEST-01143,4.32
TEST-01144,5.9
TEST-01145,9.28
TEST-01146,83.25
TEST-01147,26.42
TEST-01148,28.71
TEST-01149,35.92
TEST-01150,12.44
TEST-01151,59.61
TEST-01152,8.61
TEST-01153,6.88
TEST-01154,31.5
TEST-01155,91.82
TEST-01156,38.97
TEST-01157,4.93
TEST-01158,23.5
TEST-01159,52.49
TEST-01160,40.59
TEST-01161,17.46
TEST-01162,59.05
TEST-01163,35.37
TEST-01164,38.85
TEST-01165,51.49
TEST-01166,74.02
TEST-01167,40.03
TEST-01168,21.79
TEST-01169,10.6
TEST-01170,57.95
TEST-01171,11.51
TEST-01172,9.68
TEST-01173,64.54
TEST-01174,43.72
TEST-01175,36.92
TEST-01176,4.86
TEST-01177,34.72
TEST-01178,10.08
TEST-01179,106.37
TEST-01180,5.52
TEST-01181,58.02
TEST-01182,81.15
TEST-01183,7.28
TEST-01184,15.52
TEST-01185,16.16
TEST-01186,19.47
TEST-01187,6.81
TEST-01188,17.4
TEST-01189,10.59
TEST-01190,5.12
TEST-01191,62.44
TEST-01192,49.63
TEST-01193,22.66
TEST-01194,52.75
TEST-01195,21.68
TEST-01196,26.6
TEST-01197,34.18
TEST-01198,53.23
TEST-01199,53.9
TEST-01200,10.75
TEST-01201,5.23
TEST-01202,5.07
TEST-01203,51.23
TEST-01204,91.21
TEST-01205,19.97
TEST-01206,54.75
TEST-01207,23.86
TEST-01208,4.92
TEST-01209,45.71
TEST-01210,9.43
TEST-01211,57.13
TEST-01212,40.92
TEST-01213,23.94
TEST-01214,5.28
TEST-01215,7.3
TEST-01216,50.67
TEST-01217,17.5
TEST-01218,71.07
TEST-01219,4.31
TEST-01220,11.84
TEST-01221,18.14
TEST-01222,6.03
TEST-01223,28.03
TEST-01224,5.41
TEST-01225,49.31
TEST-01226,50.43
TEST-01227,40.28
TEST-01228,45.52
TEST-01229,39.76
TEST-01230,42.71
TEST-01231,8.99
TEST-01232,30.49
TEST-01233,40.25
TEST-01234,59.41
TEST-01235,49.36
TEST-01236,64.95
TEST-01237,3.37
TEST-01238,60.01
TEST-01239,38.25
TEST-01240,5.49
TEST-01241,5.54
TEST-01242,113.1
TEST-01243,48.64
TEST-01244,46.69
TEST-01245,41.99
TEST-01246,5.18
TEST-01247,48.64
TEST-01248,26.29
TEST-01249,68.63
TEST-01250,34.3
TEST-01251,21.83
TEST-01252,5.29
TEST-01253,21.59
TEST-01254,40.37
TEST-01255,51.39
TEST-01256,5.88
TEST-01257,25.6
TEST-01258,58.46
TEST-01259,68.8
TEST-01260,11.76
TEST-01261,14.66
TEST-01262,25.87
TEST-01263,112.68
TEST-01264,107.42
TEST-01265,21.73
TEST-01266,25.18
TEST-01267,7.75
TEST-01268,5.6
TEST-01269,35.33
TEST-01270,10.12
TEST-01271,7.51
TEST-01272,62.81
TEST-01273,23.67
TEST-01274,3.6
TEST-01275,27.53
TEST-01276,10.05
TEST-01277,20.74
TEST-01278,20.76
TEST-01279,87.42
TEST-01280,11.46
TEST-01281,16.53
TEST-01282,28.52
TEST-01283,47.94
TEST-01284,6.55
TEST-01285,47.53
TEST-01286,7.26
TEST-01287,24.44
TEST-01288,40.93
TEST-01289,18.7
TEST-01290,81.13
TEST-01291,27.83
TEST-01292,11.99
TEST-01293,14.96
TEST-01294,45.34
TEST-01295,10.23
TEST-01296,47.94
TEST-01297,4.78
TEST-01298,25.12
TEST-01299,16.88
TEST-01300,47.25
TEST-01301,39.88
TEST-01302,31.93
TEST-01303,17.67
TEST-01304,25.06
TEST-01305,52.2
TEST-01306,19.91
TEST-01307,50.92
TEST-01308,19.97
TEST-01309,5.43
TEST-01310,102.83
TEST-01311,34.97
TEST-01312,9.58
TEST-01313,46.97
TEST-01314,11.08
TEST-01315,6.91
TEST-01316,9.94
TEST-01317,24.66
TEST-01318,24.63
TEST-01319,48.81
TEST-01320,24.3
TEST-01321,100.69
TEST-01322,5.38
TEST-01323,16.8
TEST-01324,18.99
TEST-01325,37.94
TEST-01326,16.42
TEST-01327,8.06
TEST-01328,4.68
TEST-01329,17.36
TEST-01330,7.62
TEST-01331,32.86
TEST-01332,5.7
TEST-01333,13.66
TEST-01334,34.45
TEST-01335,41.57
TEST-01336,30.98
TEST-01337,23.06
TEST-01338,19.98
TEST-01339,60.16
TEST-01340,22.19
TEST-01341,4.86
TEST-01342,5.64
TEST-01343,21.98
TEST-01344,71.27
TEST-01345,20.54
TEST-01346,23.9
TEST-01347,12.07
TEST-01348,3.3
TEST-01349,22.45
TEST-01350,15.17
TEST-01351,69.87
TEST-01352,10.2
TEST-01353,47.12
TEST-01354,19.88
TEST-01355,50.8
TEST-01356,11.77
TEST-01357,60.48
TEST-01358,41.1
TEST-01359,50.55
TEST-01360,104.22
TEST-01361,64.74
TEST-01362,19.56
TEST-01363,16.28
TEST-01364,21.41
TEST-01365,5.83
TEST-01366,5.3
TEST-01367,9.51
TEST-01368,36.1
TEST-01369,46.12
TEST-01370,27.42
TEST-01371,39.67
TEST-01372,103.35
TEST-01373,79.19
TEST-01374,57.86
TEST-01375,5.37
TEST-01376,54.43
TEST-01377,10.55
TEST-01378,18.59
TEST-01379,17.89
TEST-01380,36.64
TEST-01381,12.32
TEST-01382,40.71
TEST-01383,18.64
TEST-01384,23.66
TEST-01385,4.71
TEST-01386,60.59
TEST-01387,12.2
TEST-01388,44.78
TEST-01389,30.87
TEST-01390,29.11
TEST-01391,23.71
TEST-01392,6.17
TEST-01393,24.23
TEST-01394,50.99
TEST-01395,25.73
TEST-01396,27.81
TEST-01397,37.73
TEST-01398,26.1
TEST-01399,71.28
TEST-01400,41.53
TEST-01401,47.56
TEST-01402,18.44
TEST-01403,46.19
TEST-01404,50.99
TEST-01405,16.42
TEST-01406,29.48
TEST-01407,52.2
TEST-01408,24.83
TEST-01409,31.97
TEST-01410,97.31
TEST-01411,41.17
TEST-01412,70.13
TEST-01413,166.85
TEST-01414,49.41
TEST-01415,39.64
TEST-01416,9.1
TEST-01417,5.64
TEST-01418,46.12
TEST-01419,73.36
TEST-01420,43.72
TEST-01421,51.21
TEST-01422,5.3
TEST-01423,15.5
TEST-01424,55.04
TEST-01425,43.25
TEST-01426,16.64
TEST-01427,42.83
TEST-01428,5.25
TEST-01429,6.59
TEST-01430,10.15
TEST-01431,4.27
TEST-01432,5.81
TEST-01433,34.0
TEST-01434,48.47
TEST-01435,104.91
TEST-01436,48.11
TEST-01437,61.23
TEST-01438,39.59
TEST-01439,4.78
TEST-01440,32.9
TEST-01441,25.55
TEST-01442,52.9
TEST-01443,59.94
TEST-01444,14.24
TEST-01445,30.38
TEST-01446,92.76
TEST-01447,50.44
TEST-01448,36.59
TEST-01449,56.39
TEST-01450,4.95
TEST-01451,31.67
TEST-01452,8.58
TEST-01453,54.14
TEST-01454,30.61
TEST-01455,20.48
TEST-01456,8.45
TEST-01457,44.13
TEST-01458,7.97
TEST-01459,4.63
TEST-01460,104.1
TEST-01461,7.24
TEST-01462,5.03
TEST-01463,63.17
TEST-01464,21.34
TEST-01465,14.74
TEST-01466,8.77
TEST-01467,43.22
TEST-01468,4.58
TEST-01469,3.81
TEST-01470,63.18
TEST-01471,17.08
TEST-01472,28.93
TEST-01473,11.64
TEST-01474,23.82
TEST-01475,34.29
TEST-01476,6.58
TEST-01477,18.33
TEST-01478,11.99
TEST-01479,36.86
TEST-01480,30.79
TEST-01481,78.77
TEST-01482,12.8
TEST-01483,24.19
TEST-01484,5.24
TEST-01485,10.76
TEST-01486,4.36
TEST-01487,19.17
TEST-01488,95.27
TEST-01489,7.75
TEST-01490,10.08
TEST-01491,5.46
TEST-01492,42.09
TEST-01493,3.36
TEST-01494,29.36
TEST-01495,36.71
TEST-01496,20.6
TEST-01497,50.26
TEST-01498,42.22
TEST-01499,58.68
TEST-01500,30.04
TEST-01501,54.23
TEST-01502,13.81
TEST-01503,36.87
TEST-01504,26.35
TEST-01505,57.7
TEST-01506,6.35
TEST-01507,18.34
TEST-01508,8.7
TEST-01509,24.62
TEST-01510,32.28
TEST-01511,22.04
TEST-01512,61.45
TEST-01513,22.55
TEST-01514,38.56
TEST-01515,57.16
TEST-01516,18.73
TEST-01517,21.88
TEST-01518,91.03
TEST-01519,18.52
TEST-01520,38.05
TEST-01521,41.46
TEST-01522,29.85
TEST-01523,41.26
TEST-01524,33.59
TEST-01525,10.52
TEST-01526,44.59
TEST-01527,35.75
TEST-01528,16.22
TEST-01529,45.6
TEST-01530,8.3
TEST-01531,80.43
TEST-01532,5.08
TEST-01533,4.82
TEST-01534,7.02
TEST-01535,68.85
TEST-01536,10.7
TEST-01537,5.7
TEST-01538,6.94
TEST-01539,14.94
TEST-01540,4.34
TEST-01541,38.59
TEST-01542,5.03
TEST-01543,52.91
TEST-01544,30.49
TEST-01545,4.57
TEST-01546,26.47
TEST-01547,36.53
TEST-01548,39.49
TEST-01549,6.55
TEST-01550,25.57
TEST-01551,51.08
TEST-01552,25.24
TEST-01553,47.21
TEST-01554,8.34
TEST-01555,38.88
TEST-01556,41.9
TEST-01557,46.29
TEST-01558,8.49
TEST-01559,24.04
TEST-01560,18.31
TEST-01561,4.88
TEST-01562,49.21
TEST-01563,4.9
TEST-01564,6.8
TEST-01565,36.96
TEST-01566,6.61
TEST-01567,81.62
TEST-01568,45.56
TEST-01569,37.31
TEST-01570,10.19
TEST-01571,102.43
TEST-01572,3.74
TEST-01573,11.48
TEST-01574,3.34
TEST-01575,26.44
TEST-01576,58.01
TEST-01577,25.72
TEST-01578,5.31
TEST-01579,38.17
TEST-01580,16.53
TEST-01581,15.73
TEST-01582,43.27
TEST-01583,45.42
TEST-01584,16.06
TEST-01585,18.56
TEST-01586,26.11
TEST-01587,21.1
TEST-01588,42.39
TEST-01589,21.03
TEST-01590,38.96
TEST-01591,36.38
TEST-01592,56.4
TEST-01593,36.42
TEST-01594,57.53
TEST-01595,50.55
TEST-01596,6.25
TEST-01597,19.8
TEST-01598,4.0
TEST-01599,38.74
TEST-01600,21.69
TEST-01601,37.26
TEST-01602,4.92
TEST-01603,60.91
TEST-01604,44.61
TEST-01605,4.61
TEST-01606,4.72
TEST-01607,16.87
TEST-01608,65.47
TEST-01609,45.0
TEST-01610,47.6
TEST-01611,5.75
TEST-01612,22.17
TEST-01613,55.4
TEST-01614,36.97
TEST-01615,3.44
TEST-01616,104.39
TEST-01617,25.46
TEST-01618,22.05
TEST-01619,32.76
TEST-01620,42.42
TEST-01621,14.62
TEST-01622,40.96
TEST-01623,8.39
TEST-01624,69.32
TEST-01625,8.84
TEST-01626,7.19
TEST-01627,53.11
TEST-01628,11.78
TEST-01629,19.55
TEST-01630,46.69
TEST-01631,36.92
TEST-01632,43.11
TEST-01633,21.11
TEST-01634,28.75
TEST-01635,38.93
TEST-01636,68.21
TEST-01637,49.99
TEST-01638,3.36
TEST-01639,22.88
TEST-01640,10.35
TEST-01641,33.01
TEST-01642,44.07
TEST-01643,5.97
TEST-01644,16.59
TEST-01645,45.96
TEST-01646,8.95
TEST-01647,35.3
TEST-01648,15.94
TEST-01649,4.72
TEST-01650,25.21
TEST-01651,18.65
TEST-01652,7.95
TEST-01653,5.01
TEST-01654,55.8
TEST-01655,6.37
TEST-01656,41.6
TEST-01657,9.59
TEST-01658,39.27
TEST-01659,11.1
TEST-01660,58.63
TEST-01661,17.8
TEST-01662,11.82
TEST-01663,57.31
TEST-01664,45.92
TEST-01665,5.82
TEST-01666,6.78
TEST-01667,40.88
TEST-01668,7.77
TEST-01669,7.63
TEST-01670,33.32
TEST-01671,31.57
TEST-01672,9.1
TEST-01673,42.11
TEST-01674,9.05
TEST-01675,51.51
TEST-01676,130.07
TEST-01677,7.98
TEST-01678,28.51
TEST-01679,37.12
TEST-01680,8.98
TEST-01681,41.74
TEST-01682,49.98
TEST-01683,11.54
TEST-01684,20.48
TEST-01685,62.9
TEST-01686,15.61
TEST-01687,3.68
TEST-01688,32.98
TEST-01689,39.58
TEST-01690,37.41
TEST-01691,20.2
TEST-01692,38.09
TEST-01693,8.98
TEST-01694,53.44
TEST-01695,4.28
TEST-01696,15.47
TEST-01697,18.79
TEST-01698,9.26
TEST-01699,15.93
TEST-01700,60.96
TEST-01701,29.32
TEST-01702,62.3
TEST-01703,35.91
TEST-01704,22.3
TEST-01705,6.56
TEST-01706,15.09
TEST-01707,54.15
TEST-01708,11.48
TEST-01709,19.51
TEST-01710,24.81
TEST-01711,21.31
TEST-01712,10.67
TEST-01713,6.24
TEST-01714,45.58
TEST-01715,42.5
TEST-01716,7.87
TEST-01717,7.39
TEST-01718,22.64
TEST-01719,98.03
TEST-01720,30.4
TEST-01721,17.47
TEST-01722,9.9
TEST-01723,12.58
TEST-01724,66.23
TEST-01725,10.49
TEST-01726,6.23
TEST-01727,6.53
TEST-01728,10.02
TEST-01729,68.29
TEST-01730,12.63
TEST-01731,33.02
TEST-01732,32.51
TEST-01733,43.69
TEST-01734,10.35
TEST-01735,73.53
TEST-01736,45.17
TEST-01737,13.22
TEST-01738,32.4
TEST-01739,3.34
TEST-01740,42.5
TEST-01741,22.67
TEST-01742,4.75
TEST-01743,59.15
TEST-01744,13.3
TEST-01745,7.77
TEST-01746,50.89
TEST-01747,18.83
TEST-01748,5.98
TEST-01749,78.27
TEST-01750,5.86
TEST-01751,7.33
TEST-01752,21.34
TEST-01753,19.4
TEST-01754,44.2
TEST-01755,7.58
TEST-01756,15.08
TEST-01757,59.34
TEST-01758,5.61
TEST-01759,71.88
TEST-01760,4.52
TEST-01761,37.31
TEST-01762,95.87
TEST-01763,22.42
TEST-01764,33.61
TEST-01765,59.51
TEST-01766,18.24
TEST-01767,51.67
TEST-01768,34.94
TEST-01769,45.14
TEST-01770,29.2
TEST-01771,4.41
TEST-01772,34.85
TEST-01773,45.71
TEST-01774,54.99
TEST-01775,52.3
TEST-01776,15.84
TEST-01777,45.53
TEST-01778,54.08
TEST-01779,14.57
TEST-01780,54.59
TEST-01781,30.38
TEST-01782,74.09
TEST-01783,36.57
TEST-01784,51.28
TEST-01785,7.42
TEST-01786,9.59
TEST-01787,58.78
TEST-01788,17.86
TEST-01789,8.76
TEST-01790,52.94
TEST-01791,24.07
TEST-01792,12.98
TEST-01793,20.35
TEST-01794,93.06
TEST-01795,4.76
TEST-01796,12.27
TEST-01797,4.46
TEST-01798,47.27
TEST-01799,46.73
TEST-01800,12.4
TEST-01801,23.59
TEST-01802,12.92
TEST-01803,85.96
TEST-01804,20.55
TEST-01805,28.1
TEST-01806,10.09
TEST-01807,20.65
TEST-01808,20.19
TEST-01809,11.63
TEST-01810,18.52
TEST-01811,21.13
TEST-01812,98.85
TEST-01813,25.29
TEST-01814,4.52
TEST-01815,21.49
TEST-01816,31.36
TEST-01817,41.74
TEST-01818,29.46
TEST-01819,59.75
TEST-01820,68.77
TEST-01821,38.53
TEST-01822,8.28
TEST-01823,40.21
TEST-01824,65.96
TEST-01825,53.2
TEST-01826,57.42
TEST-01827,39.85
TEST-01828,60.98
TEST-01829,49.84
TEST-01830,24.85
TEST-01831,58.46
TEST-01832,59.94
TEST-01833,44.29
TEST-01834,8.63
TEST-01835,53.75
TEST-01836,40.33
TEST-01837,38.28
TEST-01838,37.21
TEST-01839,22.89
TEST-01840,38.09
TEST-01841,45.23
TEST-01842,43.71
TEST-01843,48.37
TEST-01844,25.55
TEST-01845,110.62
TEST-01846,49.64
TEST-01847,9.32
TEST-01848,110.22
TEST-01849,40.7
TEST-01850,5.73
TEST-01851,13.59
TEST-01852,90.41
TEST-01853,4.75
TEST-01854,18.64
TEST-01855,32.79
TEST-01856,5.6
TEST-01857,22.86
TEST-01858,81.91
TEST-01859,5.7
TEST-01860,5.36
TEST-01861,39.74
TEST-01862,44.59
TEST-01863,16.62
TEST-01864,39.07
TEST-01865,4.21
TEST-01866,17.34
TEST-01867,19.39
TEST-01868,17.38
TEST-01869,17.43
TEST-01870,6.44
TEST-01871,65.94
TEST-01872,6.05
TEST-01873,12.1
TEST-01874,31.19
TEST-01875,102.51
TEST-01876,55.24
TEST-01877,21.02
TEST-01878,12.46
TEST-01879,31.69
TEST-01880,19.38
TEST-01881,18.05
TEST-01882,4.45
TEST-01883,48.81
TEST-01884,17.75
TEST-01885,80.9
TEST-01886,45.21
TEST-01887,17.52
TEST-01888,50.99
TEST-01889,54.06
TEST-01890,48.91
TEST-01891,31.35
TEST-01892,89.14
TEST-01893,10.2
TEST-01894,38.92
TEST-01895,21.78
TEST-01896,3.38
TEST-01897,37.67
TEST-01898,18.87
TEST-01899,30.56
TEST-01900,5.81
TEST-01901,18.08
TEST-01902,105.96
TEST-01903,4.71
TEST-01904,9.46
TEST-01905,41.86
TEST-01906,21.45
TEST-01907,16.25
TEST-01908,87.37
TEST-01909,41.72
TEST-01910,86.84
TEST-01911,7.56
TEST-01912,37.24
TEST-01913,10.1
TEST-01914,21.26
TEST-01915,123.17
TEST-01916,54.32
TEST-01917,34.22
TEST-01918,21.84
TEST-01919,51.46
TEST-01920,55.86
TEST-01921,49.46
TEST-01922,9.0
TEST-01923,33.24
TEST-01924,58.46
TEST-01925,37.6
TEST-01926,4.8
TEST-01927,67.73
TEST-01928,6.31
TEST-01929,10.26
TEST-01930,39.92
TEST-01931,4.38
TEST-01932,81.72
TEST-01933,26.98
TEST-01934,55.43
TEST-01935,55.69
TEST-01936,110.36
TEST-01937,54.87
TEST-01938,8.53
TEST-01939,54.57
TEST-01940,19.31
TEST-01941,30.53
TEST-01942,36.53
TEST-01943,66.05
TEST-01944,58.02
TEST-01945,19.64
TEST-01946,84.41
TEST-01947,85.18
TEST-01948,52.08
TEST-01949,80.23
TEST-01950,35.68
TEST-01951,18.94
TEST-01952,52.86
TEST-01953,99.94
TEST-01954,3.21
TEST-01955,50.95
TEST-01956,104.77
TEST-01957,26.48
TEST-01958,48.85
TEST-01959,45.31
TEST-01960,21.63
TEST-01961,19.29
TEST-01962,104.8
TEST-01963,19.65
TEST-01964,18.28
TEST-01965,6.71
TEST-01966,18.47
TEST-01967,57.13
TEST-01968,53.57
TEST-01969,60.66
TEST-01970,3.91
TEST-01971,19.64
TEST-01972,4.3
TEST-01973,37.4
TEST-01974,45.7
TEST-01975,16.02
TEST-01976,21.67
TEST-01977,41.12
TEST-01978,40.16
TEST-01979,20.82
TEST-01980,72.95
TEST-01981,4.9
TEST-01982,45.02
TEST-01983,51.89
TEST-01984,47.52
TEST-01985,67.04
TEST-01986,44.74
TEST-01987,24.83
TEST-01988,6.01
TEST-01989,41.15
TEST-01990,4.9
TEST-01991,59.24
TEST-01992,35.03
TEST-01993,11.21
TEST-01994,25.97
TEST-01995,16.94
TEST-01996,13.74
TEST-01997,45.88
TEST-01998,51.91
TEST-01999,20.01
TEST-02000,66.93
TEST-02001,52.94
TEST-02002,3.38
TEST-02003,49.25
TEST-02004,7.64
TEST-02005,64.1
TEST-02006,85.18
TEST-02007,57.11
TEST-02008,5.02
TEST-02009,30.75
TEST-02010,55.32
TEST-02011,11.16
TEST-02012,37.96
TEST-02013,8.87
TEST-02014,53.98
TEST-02015,5.53
TEST-02016,35.91
TEST-02017,29.03
TEST-02018,99.5
TEST-02019,3.4
TEST-02020,25.79
TEST-02021,20.78
TEST-02022,18.73
TEST-02023,7.32
TEST-02024,18.11
TEST-02025,87.72
TEST-02026,16.62
TEST-02027,19.07
TEST-02028,3.39
TEST-02029,3.74
TEST-02030,3.92
TEST-02031,6.57
TEST-02032,10.21
TEST-02033,84.38
TEST-02034,75.93
TEST-02035,30.4
TEST-02036,35.09
TEST-02037,28.33
TEST-02038,33.9
TEST-02039,35.05
TEST-02040,40.3
TEST-02041,16.61
TEST-02042,85.72
TEST-02043,4.56
TEST-02044,7.35
TEST-02045,58.45
TEST-02046,47.75
TEST-02047,8.93
TEST-02048,5.09
TEST-02049,66.11
TEST-02050,22.09
TEST-02051,45.18
TEST-02052,87.01
TEST-02053,20.33
TEST-02054,67.12
TEST-02055,26.62
TEST-02056,11.97
TEST-02057,6.52
TEST-02058,6.74
TEST-02059,33.64
TEST-02060,34.09
TEST-02061,67.0
TEST-02062,19.72
TEST-02063,7.09
TEST-02064,8.23
TEST-02065,52.16
TEST-02066,21.0
TEST-02067,36.07
TEST-02068,11.45
TEST-02069,40.8
TEST-02070,7.6
TEST-02071,89.24
TEST-02072,16.87
TEST-02073,7.49
TEST-02074,81.44
TEST-02075,17.77
TEST-02076,15.5
TEST-02077,42.75
TEST-02078,40.24
TEST-02079,94.15
TEST-02080,5.72
TEST-02081,46.96
TEST-02082,51.95
TEST-02083,41.06
TEST-02084,40.48
TEST-02085,39.77
TEST-02086,20.0
TEST-02087,59.96
TEST-02088,42.83
TEST-02089,15.23
TEST-02090,26.92
TEST-02091,48.97
TEST-02092,41.68
TEST-02093,36.08
TEST-02094,36.54
TEST-02095,25.84
TEST-02096,48.39
TEST-02097,86.46
TEST-02098,66.49
TEST-02099,23.16
TEST-02100,4.05
TEST-02101,22.89
TEST-02102,5.35
TEST-02103,15.62
TEST-02104,13.0
TEST-02105,28.23
TEST-02106,39.71
TEST-02107,40.58
TEST-02108,6.18
TEST-02109,68.59
TEST-02110,13.5
TEST-02111,20.72
TEST-02112,39.72
TEST-02113,46.8
TEST-02114,31.5
TEST-02115,23.9
TEST-02116,16.36
TEST-02117,22.96
TEST-02118,40.13
TEST-02119,11.45
TEST-02120,22.56
TEST-02121,20.89
TEST-02122,85.46
TEST-02123,40.1
TEST-02124,50.66
TEST-02125,7.78
TEST-02126,3.59
TEST-02127,36.13
TEST-02128,15.82
TEST-02129,11.97
TEST-02130,17.56
TEST-02131,130.63
TEST-02132,120.89
TEST-02133,20.4
TEST-02134,99.87
TEST-02135,48.17
TEST-02136,54.14
TEST-02137,35.13
TEST-02138,9.13
TEST-02139,7.77
TEST-02140,5.33
TEST-02141,11.88
TEST-02142,68.11
TEST-02143,25.6
TEST-02144,9.13
TEST-02145,27.09
TEST-02146,54.74
TEST-02147,21.5
TEST-02148,16.93
TEST-02149,22.44
TEST-02150,25.14
TEST-02151,24.8
TEST-02152,9.42
TEST-02153,6.62
TEST-02154,51.64
TEST-02155,57.3
TEST-02156,47.95
TEST-02157,30.94
TEST-02158,35.15
TEST-02159,55.99
TEST-02160,23.51
TEST-02161,10.43
TEST-02162,61.14
TEST-02163,24.89
TEST-02164,25.9
TEST-02165,59.38
TEST-02166,4.9
TEST-02167,77.62
TEST-02168,29.38
TEST-02169,4.71
TEST-02170,59.59
TEST-02171,18.36
TEST-02172,31.27
TEST-02173,23.81
TEST-02174,31.97
TEST-02175,22.35
TEST-02176,84.46
TEST-02177,50.35
TEST-02178,3.46
TEST-02179,62.93
TEST-02180,60.62
TEST-02181,5.18
TEST-02182,16.91
TEST-02183,63.95
TEST-02184,26.73
TEST-02185,20.55
TEST-02186,35.6
TEST-02187,32.7
TEST-02188,62.59
TEST-02189,8.76
TEST-02190,28.6
TEST-02191,17.94
TEST-02192,47.34
TEST-02193,49.39
TEST-02194,15.71
TEST-02195,9.22
TEST-02196,4.91
TEST-02197,58.97
TEST-02198,13.28
TEST-02199,28.99
TEST-02200,4.67
TEST-02201,4.87
TEST-02202,7.71
TEST-02203,26.13
TEST-02204,15.84
TEST-02205,21.32
TEST-02206,5.05
TEST-02207,20.68
TEST-02208,40.63
TEST-02209,19.41
TEST-02210,6.56
TEST-02211,44.91
TEST-02212,10.31
TEST-02213,45.17
TEST-02214,10.96
TEST-02215,7.03
TEST-02216,20.47
TEST-02217,18.1
TEST-02218,40.52
TEST-02219,40.3
TEST-02220,16.56
TEST-02221,6.98
TEST-02222,50.17
TEST-02223,19.54
TEST-02224,107.68
TEST-02225,46.68
TEST-02226,44.19
TEST-02227,72.75
TEST-02228,10.25
TEST-02229,33.06
TEST-02230,7.33
TEST-02231,38.83
TEST-02232,44.76
TEST-02233,105.13
TEST-02234,45.17
TEST-02235,6.78
TEST-02236,27.04
TEST-02237,48.37
TEST-02238,33.49
TEST-02239,37.62
TEST-02240,63.44
TEST-02241,7.08
TEST-02242,24.9
TEST-02243,71.39
TEST-02244,4.95
TEST-02245,39.89
TEST-02246,18.51
TEST-02247,82.7
TEST-02248,34.24
TEST-02249,8.03
TEST-02250,60.61
TEST-02251,19.07
TEST-02252,20.51
TEST-02253,8.34
TEST-02254,51.82
TEST-02255,6.64
TEST-02256,4.26
TEST-02257,29.43
TEST-02258,45.44
TEST-02259,34.74
TEST-02260,83.1
TEST-02261,39.71
TEST-02262,4.94
TEST-02263,55.59
TEST-02264,5.19
TEST-02265,11.06
TEST-02266,5.0
TEST-02267,17.85
TEST-02268,46.06
TEST-02269,7.54
TEST-02270,7.58
TEST-02271,91.04
TEST-02272,3.69
TEST-02273,31.15
TEST-02274,46.5
TEST-02275,60.58
TEST-02276,30.28
TEST-02277,9.3
TEST-02278,35.43
TEST-02279,47.03
TEST-02280,8.92
TEST-02281,5.63
TEST-02282,52.93
TEST-02283,52.24
TEST-02284,4.09
TEST-02285,54.97
TEST-02286,10.06
TEST-02287,17.16
TEST-02288,17.32
TEST-02289,30.54
TEST-02290,18.71
TEST-02291,97.67
TEST-02292,35.4
TEST-02293,21.2
TEST-02294,9.45
TEST-02295,63.3
TEST-02296,49.97
TEST-02297,15.23
TEST-02298,21.91
TEST-02299,48.72
TEST-02300,6.51
TEST-02301,12.16
TEST-02302,21.41
TEST-02303,78.81
TEST-02304,31.78
TEST-02305,48.98
TEST-02306,69.85
TEST-02307,34.81
TEST-02308,17.28
TEST-02309,40.06
TEST-02310,56.65
TEST-02311,6.45
TEST-02312,5.16
TEST-02313,15.69
TEST-02314,41.02
TEST-02315,24.57
TEST-02316,40.33
TEST-02317,31.47
TEST-02318,35.11
TEST-02319,89.69
TEST-02320,4.68
TEST-02321,24.95
TEST-02322,59.79
TEST-02323,40.56
TEST-02324,41.1
TEST-02325,48.09
TEST-02326,51.02
TEST-02327,97.92
TEST-02328,28.35
TEST-02329,32.98
TEST-02330,19.87
TEST-02331,23.31
TEST-02332,28.89
TEST-02333,15.24
TEST-02334,7.44
TEST-02335,4.5
TEST-02336,40.08
TEST-02337,59.96
TEST-02338,7.24
TEST-02339,11.13
TEST-02340,5.6
TEST-02341,3.77
TEST-02342,36.16
TEST-02343,47.58
TEST-02344,34.9
TEST-02345,20.77
TEST-02346,83.34
TEST-02347,40.64
TEST-02348,19.64
TEST-02349,30.6
TEST-02350,5.48
TEST-02351,21.75
TEST-02352,5.33
TEST-02353,16.06
TEST-02354,41.36
TEST-02355,35.54
TEST-02356,5.37
TEST-02357,63.84
TEST-02358,82.77
TEST-02359,4.47
TEST-02360,31.91
TEST-02361,21.09
TEST-02362,15.46
TEST-02363,44.09
TEST-02364,85.01
TEST-02365,44.53
TEST-02366,73.03
TEST-02367,32.04
TEST-02368,17.92
TEST-02369,46.0
TEST-02370,23.09
TEST-02371,50.56
TEST-02372,34.67
TEST-02373,5.68
TEST-02374,76.95
TEST-02375,22.88
TEST-02376,50.04
TEST-02377,24.85
TEST-02378,55.45
TEST-02379,48.82
TEST-02380,107.02
TEST-02381,42.36
TEST-02382,21.89
TEST-02383,20.84
TEST-02384,17.4
TEST-02385,42.3
TEST-02386,37.25
TEST-02387,41.86
TEST-02388,71.91
TEST-02389,7.79
TEST-02390,41.58
TEST-02391,52.92
TEST-02392,41.73
TEST-02393,6.07
TEST-02394,4.95
TEST-02395,31.98
TEST-02396,9.57
TEST-02397,33.59
TEST-02398,22.99
TEST-02399,36.17
TEST-02400,7.12
TEST-02401,57.52
TEST-02402,73.91
TEST-02403,46.21
TEST-02404,85.57
TEST-02405,45.46
TEST-02406,61.65
TEST-02407,5.78
TEST-02408,86.72
TEST-02409,61.38
TEST-02410,51.87
TEST-02411,22.61
TEST-02412,41.99
TEST-02413,20.54
TEST-02414,24.93
TEST-02415,27.53
TEST-02416,6.49
TEST-02417,31.95
TEST-02418,6.91
TEST-02419,53.71
TEST-02420,45.62
TEST-02421,25.26
TEST-02422,18.79
TEST-02423,5.61
TEST-02424,66.4
TEST-02425,45.58
TEST-02426,8.64
TEST-02427,48.97
TEST-02428,43.28
TEST-02429,79.11
TEST-02430,76.12
TEST-02431,4.04
TEST-02432,56.05
TEST-02433,63.65
TEST-02434,19.55
TEST-02435,18.93
TEST-02436,4.06
TEST-02437,3.74
TEST-02438,4.68
TEST-02439,28.73
TEST-02440,11.45
TEST-02441,68.46
TEST-02442,5.1
TEST-02443,14.61
TEST-02444,19.61
TEST-02445,5.51
TEST-02446,27.56
TEST-02447,21.48
TEST-02448,40.25
TEST-02449,51.57
TEST-02450,30.94
TEST-02451,20.4
TEST-02452,51.73
TEST-02453,11.69
TEST-02454,30.79
TEST-02455,92.69
TEST-02456,17.47
TEST-02457,38.87
TEST-02458,5.68
TEST-02459,46.9
TEST-02460,118.27
TEST-02461,48.31
TEST-02462,11.77
TEST-02463,6.53
TEST-02464,50.08
TEST-02465,4.46
TEST-02466,13.04
TEST-02467,50.57
TEST-02468,16.87
TEST-02469,6.46
TEST-02470,53.51
TEST-02471,3.66
TEST-02472,33.09
TEST-02473,22.19
TEST-02474,17.91
TEST-02475,17.57
TEST-02476,64.59
TEST-02477,41.04
TEST-02478,67.87
TEST-02479,45.96
TEST-02480,22.51
TEST-02481,46.51
TEST-02482,5.82
TEST-02483,5.85
TEST-02484,47.19
TEST-02485,47.01
TEST-02486,18.88
TEST-02487,41.12
TEST-02488,62.11
TEST-02489,100.42
TEST-02490,56.23
TEST-02491,39.55
TEST-02492,16.27
TEST-02493,12.1
TEST-02494,4.07
TEST-02495,43.05
TEST-02496,9.85
TEST-02497,71.81
TEST-02498,50.98
TEST-02499,38.31
TEST-02500,42.22
TEST-02501,31.33
TEST-02502,59.33
TEST-02503,34.12
TEST-02504,45.29
TEST-02505,32.27
TEST-02506,52.66
TEST-02507,31.05
TEST-02508,51.65
TEST-02509,19.86
TEST-02510,81.13
TEST-02511,34.19
TEST-02512,35.49
TEST-02513,99.45
TEST-02514,57.66
TEST-02515,112.63
TEST-02516,23.48
TEST-02517,15.95
TEST-02518,12.65
TEST-02519,40.85
TEST-02520,27.55
TEST-02521,12.0
TEST-02522,25.08
TEST-02523,47.46
TEST-02524,5.38
TEST-02525,23.12
TEST-02526,8.12
TEST-02527,5.06
TEST-02528,6.58
TEST-02529,19.97
TEST-02530,10.9
TEST-02531,30.3
TEST-02532,94.09
TEST-02533,3.98
TEST-02534,10.34
TEST-02535,41.27
TEST-02536,41.7
TEST-02537,45.95
TEST-02538,11.6
TEST-02539,35.24
TEST-02540,34.97
TEST-02541,16.02
TEST-02542,20.27
TEST-02543,5.54
TEST-02544,10.81
TEST-02545,35.69
TEST-02546,5.86
TEST-02547,4.83
TEST-02548,53.59
TEST-02549,71.35
TEST-02550,19.83
TEST-02551,8.94
TEST-02552,37.98
TEST-02553,7.36
TEST-02554,132.45
TEST-02555,24.06
TEST-02556,35.12
TEST-02557,5.4
TEST-02558,20.61
TEST-02559,17.97
TEST-02560,8.7
TEST-02561,52.41
TEST-02562,37.46
TEST-02563,63.19
TEST-02564,4.35
TEST-02565,35.13
TEST-02566,25.38
TEST-02567,19.85
TEST-02568,38.88
TEST-02569,15.67
TEST-02570,19.03
TEST-02571,5.2
TEST-02572,41.82
TEST-02573,7.67
TEST-02574,4.27
TEST-02575,17.64
TEST-02576,11.01
TEST-02577,25.8
TEST-02578,29.55
TEST-02579,4.77
TEST-02580,21.84
TEST-02581,56.8
TEST-02582,26.92
TEST-02583,6.53
TEST-02584,85.71
TEST-02585,45.26
TEST-02586,5.76
TEST-02587,8.27
TEST-02588,32.52
TEST-02589,25.01
TEST-02590,19.61
TEST-02591,18.32
TEST-02592,10.38
TEST-02593,14.66
TEST-02594,7.33
TEST-02595,19.4
TEST-02596,38.97
TEST-02597,58.43
TEST-02598,30.98
TEST-02599,4.93
TEST-02600,17.4
TEST-02601,27.98
TEST-02602,19.09
TEST-02603,40.29
TEST-02604,34.68
TEST-02605,8.21
TEST-02606,47.56
TEST-02607,11.35
TEST-02608,6.6
TEST-02609,5.5
TEST-02610,11.27
TEST-02611,24.95
TEST-02612,57.08
TEST-02613,5.81
TEST-02614,24.2
TEST-02615,70.01
TEST-02616,43.79
TEST-02617,52.27
TEST-02618,61.53
TEST-02619,45.4
TEST-02620,10.48
TEST-02621,27.31
TEST-02622,20.48
TEST-02623,37.97
TEST-02624,20.67
TEST-02625,50.13
TEST-02626,34.85
TEST-02627,20.78
TEST-02628,8.89
TEST-02629,46.9
TEST-02630,7.88
TEST-02631,55.78
TEST-02632,22.57
TEST-02633,7.15
TEST-02634,46.87
TEST-02635,17.16
TEST-02636,21.38
TEST-02637,4.51
TEST-02638,7.89
TEST-02639,76.81
TEST-02640,29.9
TEST-02641,26.68
TEST-02642,44.14
TEST-02643,31.78
TEST-02644,84.26
TEST-02645,21.42
TEST-02646,14.6
TEST-02647,34.75
TEST-02648,52.2
TEST-02649,4.27
TEST-02650,8.44
TEST-02651,4.97
TEST-02652,5.44
TEST-02653,17.78
TEST-02654,4.92
TEST-02655,44.01
TEST-02656,29.74
TEST-02657,4.99
TEST-02658,5.65
TEST-02659,89.69
TEST-02660,46.23
TEST-02661,5.69
TEST-02662,5.79
TEST-02663,44.07
TEST-02664,12.93
TEST-02665,16.79
TEST-02666,7.46
TEST-02667,39.26
TEST-02668,18.34
TEST-02669,3.22
TEST-02670,18.2
TEST-02671,15.9
TEST-02672,4.64
TEST-02673,29.67
TEST-02674,15.8
TEST-02675,31.29
TEST-02676,86.76
TEST-02677,5.3
TEST-02678,20.6
TEST-02679,15.69
TEST-02680,17.11
TEST-02681,11.62
TEST-02682,42.42
TEST-02683,61.47
TEST-02684,18.9
TEST-02685,69.49
TEST-02686,8.31
TEST-02687,26.9
TEST-02688,58.39
TEST-02689,24.58
TEST-02690,6.21
TEST-02691,13.36
TEST-02692,24.37
TEST-02693,33.27
TEST-02694,10.61
TEST-02695,17.75
TEST-02696,12.4
TEST-02697,57.47
TEST-02698,92.47
TEST-02699,7.45
TEST-02700,40.04
TEST-02701,14.98
TEST-02702,42.53
TEST-02703,34.56
TEST-02704,27.84
TEST-02705,42.81
TEST-02706,15.93
TEST-02707,11.81
TEST-02708,60.53
TEST-02709,46.48
TEST-02710,57.3
TEST-02711,46.64
TEST-02712,24.34
TEST-02713,44.15
TEST-02714,18.86
TEST-02715,43.31
TEST-02716,4.41
TEST-02717,9.09
TEST-02718,5.03
TEST-02719,60.41
TEST-02720,22.76
TEST-02721,43.6
TEST-02722,37.97
TEST-02723,42.49
TEST-02724,38.82
TEST-02725,6.29
TEST-02726,17.54
TEST-02727,18.46
TEST-02728,17.93
TEST-02729,34.47
TEST-02730,16.26
TEST-02731,5.32
TEST-02732,62.33
TEST-02733,5.63
TEST-02734,6.11
TEST-02735,6.66
TEST-02736,34.68
TEST-02737,4.54
TEST-02738,10.56
TEST-02739,57.79
TEST-02740,83.12
TEST-02741,53.94
TEST-02742,86.09
TEST-02743,68.4
TEST-02744,52.67
TEST-02745,7.45
TEST-02746,32.93
TEST-02747,10.83
TEST-02748,18.84
TEST-02749,50.03
TEST-02750,66.23
TEST-02751,4.63
TEST-02752,39.92
TEST-02753,4.56
TEST-02754,65.64
TEST-02755,20.29
TEST-02756,76.11
TEST-02757,25.85
TEST-02758,81.35
TEST-02759,13.06
TEST-02760,18.9
TEST-02761,14.15
TEST-02762,30.29
TEST-02763,63.5
TEST-02764,49.55
TEST-02765,64.12
TEST-02766,14.68
TEST-02767,19.79
TEST-02768,48.58
TEST-02769,24.66
TEST-02770,28.47
TEST-02771,89.02
TEST-02772,4.45
TEST-02773,94.78
TEST-02774,51.56
TEST-02775,73.68
TEST-02776,4.73
TEST-02777,69.97
TEST-02778,27.72
TEST-02779,39.93
TEST-02780,39.25
TEST-02781,15.12
TEST-02782,17.48
TEST-02783,9.45
TEST-02784,109.59
TEST-02785,108.72
TEST-02786,9.21
TEST-02787,6.85
TEST-02788,9.29
TEST-02789,37.53
TEST-02790,26.01
TEST-02791,8.86
TEST-02792,5.5
TEST-02793,4.93
TEST-02794,30.04
TEST-02795,18.75
TEST-02796,46.06
TEST-02797,40.65
TEST-02798,105.11
TEST-02799,52.42
TEST-02800,8.68
TEST-02801,46.38
TEST-02802,4.55
TEST-02803,47.64
TEST-02804,13.01
TEST-02805,90.97
TEST-02806,37.68
TEST-02807,60.2
TEST-02808,89.34
TEST-02809,81.18
TEST-02810,58.57
TEST-02811,45.0
TEST-02812,38.32
TEST-02813,22.46
TEST-02814,115.14
TEST-02815,18.77
TEST-02816,7.21
TEST-02817,51.84
TEST-02818,7.67
TEST-02819,19.02
TEST-02820,19.76
TEST-02821,7.7
TEST-02822,6.86
TEST-02823,4.47
TEST-02824,62.23
TEST-02825,31.68
TEST-02826,19.06
TEST-02827,34.81
TEST-02828,97.28
TEST-02829,22.73
TEST-02830,18.71
TEST-02831,29.87
TEST-02832,40.1
TEST-02833,11.49
TEST-02834,5.06
TEST-02835,23.21
TEST-02836,22.65
TEST-02837,33.16
TEST-02838,71.02
TEST-02839,13.08
TEST-02840,23.72
TEST-02841,71.62
TEST-02842,15.12
TEST-02843,44.83
TEST-02844,52.32
TEST-02845,9.44
TEST-02846,6.18
TEST-02847,45.88
TEST-02848,5.87
TEST-02849,9.93
TEST-02850,33.37
TEST-02851,53.43
TEST-02852,15.4
TEST-02853,7.88
TEST-02854,5.77
TEST-02855,11.34
TEST-02856,44.69
TEST-02857,31.48
TEST-02858,20.39
TEST-02859,12.91
TEST-02860,8.58
TEST-02861,24.63
TEST-02862,100.96
TEST-02863,22.06
TEST-02864,112.33
TEST-02865,29.37
TEST-02866,13.31
TEST-02867,9.43
TEST-02868,17.33
TEST-02869,113.12
TEST-02870,36.7
TEST-02871,44.15
TEST-02872,10.59
TEST-02873,35.77
TEST-02874,38.31
TEST-02875,14.25
TEST-02876,73.53
TEST-02877,35.36
TEST-02878,37.75
TEST-02879,25.85
TEST-02880,20.93
TEST-02881,72.28
TEST-02882,50.83
TEST-02883,32.64
TEST-02884,22.99
TEST-02885,10.43
TEST-02886,35.73
TEST-02887,34.82
TEST-02888,9.95
TEST-02889,42.51
TEST-02890,34.31
TEST-02891,36.45
TEST-02892,4.13
TEST-02893,45.92
TEST-02894,44.52
TEST-02895,10.17
TEST-02896,40.58
TEST-02897,21.17
TEST-02898,4.43
TEST-02899,39.76
TEST-02900,21.5
TEST-02901,26.59
TEST-02902,7.31
TEST-02903,45.66
TEST-02904,56.56
TEST-02905,41.17
TEST-02906,28.53
TEST-02907,4.78
TEST-02908,3.83
TEST-02909,4.34
TEST-02910,13.07
TEST-02911,10.97
TEST-02912,45.69
TEST-02913,61.53
TEST-02914,78.96
TEST-02915,113.16
TEST-02916,13.45
TEST-02917,30.04
TEST-02918,38.86
TEST-02919,5.29
TEST-02920,39.61
TEST-02921,4.83
TEST-02922,40.71
TEST-02923,7.13
TEST-02924,61.74
TEST-02925,48.13
TEST-02926,5.01
TEST-02927,6.46
TEST-02928,62.6
TEST-02929,14.24
TEST-02930,79.09
TEST-02931,33.01
TEST-02932,5.89
TEST-02933,36.17
TEST-02934,12.86
TEST-02935,5.54
TEST-02936,9.4
TEST-02937,4.43
TEST-02938,100.47
TEST-02939,54.61
TEST-02940,28.44
TEST-02941,42.17
TEST-02942,26.34
TEST-02943,11.02
TEST-02944,8.56
TEST-02945,15.53
TEST-02946,69.43
TEST-02947,28.53
TEST-02948,165.48
TEST-02949,56.1
TEST-02950,39.65
TEST-02951,24.25
TEST-02952,48.23
TEST-02953,29.36
TEST-02954,14.45
TEST-02955,35.96
TEST-02956,68.48
TEST-02957,5.23
TEST-02958,18.78
TEST-02959,43.74
TEST-02960,86.14
TEST-02961,5.55
TEST-02962,7.44
TEST-02963,40.01
TEST-02964,4.44
TEST-02965,21.02
TEST-02966,65.17
TEST-02967,5.28
TEST-02968,47.24
TEST-02969,8.69
TEST-02970,33.34
TEST-02971,45.92
TEST-02972,11.17
TEST-02973,33.69
TEST-02974,84.11
TEST-02975,45.07
TEST-02976,49.52
TEST-02977,60.1
TEST-02978,26.9
TEST-02979,25.74
TEST-02980,30.65
TEST-02981,14.98
TEST-02982,13.54
TEST-02983,19.75
TEST-02984,35.76
TEST-02985,59.69
TEST-02986,22.28
TEST-02987,43.39
TEST-02988,16.45
TEST-02989,38.21
TEST-02990,21.64
TEST-02991,61.46
TEST-02992,65.59
TEST-02993,81.4
TEST-02994,57.69
TEST-02995,17.62
TEST-02996,10.0
TEST-02997,53.01
TEST-02998,42.89
TEST-02999,17.71
TEST-03000,35.54
TEST-03001,79.11
TEST-03002,4.34
TEST-03003,5.41
TEST-03004,46.4
TEST-03005,65.37
TEST-03006,3.92
TEST-03007,11.5
TEST-03008,63.06
TEST-03009,20.32
TEST-03010,40.93
TEST-03011,52.32
TEST-03012,15.85
TEST-03013,6.33
TEST-03014,31.37
TEST-03015,12.3
TEST-03016,110.6
TEST-03017,18.55
TEST-03018,5.4
TEST-03019,43.66
TEST-03020,3.17
TEST-03021,43.13
TEST-03022,6.85
TEST-03023,36.79
TEST-03024,10.51
TEST-03025,45.17
TEST-03026,65.6
TEST-03027,100.43
TEST-03028,4.74
TEST-03029,41.46
TEST-03030,27.98
TEST-03031,59.31
TEST-03032,62.82
TEST-03033,92.23
TEST-03034,5.01
TEST-03035,35.63
TEST-03036,74.27
TEST-03037,17.96
TEST-03038,30.21
TEST-03039,52.59
TEST-03040,22.79
TEST-03041,46.74
TEST-03042,18.74
TEST-03043,17.46
TEST-03044,43.03
TEST-03045,33.11
TEST-03046,6.41
TEST-03047,11.88
TEST-03048,63.42
TEST-03049,5.13
TEST-03050,37.61
TEST-03051,95.53
TEST-03052,108.95
TEST-03053,8.86
TEST-03054,35.19
TEST-03055,5.93
TEST-03056,42.22
TEST-03057,9.13
TEST-03058,6.31
TEST-03059,49.61
TEST-03060,73.81
TEST-03061,7.18
TEST-03062,11.45
TEST-03063,111.12
TEST-03064,4.03
TEST-03065,47.05
TEST-03066,18.46
TEST-03067,43.43
TEST-03068,4.43
TEST-03069,9.7
TEST-03070,3.4
TEST-03071,7.21
TEST-03072,7.31
TEST-03073,34.84
TEST-03074,44.11
TEST-03075,79.59
TEST-03076,5.17
TEST-03077,24.85
TEST-03078,44.54
TEST-03079,19.26
TEST-03080,25.83
TEST-03081,62.06
TEST-03082,13.0
TEST-03083,7.23
TEST-03084,55.61
TEST-03085,36.76
TEST-03086,60.12
TEST-03087,44.69
TEST-03088,5.64
TEST-03089,38.49
TEST-03090,44.88
TEST-03091,29.64
TEST-03092,7.04
TEST-03093,7.8
TEST-03094,9.0
TEST-03095,5.11
TEST-03096,4.85
TEST-03097,48.92
TEST-03098,41.79
TEST-03099,83.08
TEST-03100,101.33
TEST-03101,28.12
TEST-03102,4.53
TEST-03103,16.24
TEST-03104,8.75
TEST-03105,39.23
TEST-03106,40.89
TEST-03107,6.46
TEST-03108,5.11
TEST-03109,4.71
TEST-03110,22.37
TEST-03111,32.59
TEST-03112,5.13
TEST-03113,6.33
TEST-03114,41.69
TEST-03115,19.22
TEST-03116,37.13
TEST-03117,35.34
TEST-03118,3.71
TEST-03119,43.86
TEST-03120,26.79
TEST-03121,50.31
TEST-03122,99.59
TEST-03123,7.6
TEST-03124,17.19
TEST-03125,41.84
TEST-03126,20.36
TEST-03127,9.53
TEST-03128,43.82
TEST-03129,88.43
TEST-03130,4.29
TEST-03131,53.05
TEST-03132,13.05
TEST-03133,42.81
TEST-03134,33.7
TEST-03135,87.93
TEST-03136,23.92
TEST-03137,80.5
TEST-03138,19.83
TEST-03139,107.04
TEST-03140,17.33
TEST-03141,5.95
TEST-03142,21.94
TEST-03143,12.14
TEST-03144,9.84
TEST-03145,30.91
TEST-03146,44.37
TEST-03147,103.26
TEST-03148,11.63
TEST-03149,34.98
TEST-03150,8.95
TEST-03151,4.4
TEST-03152,40.69
TEST-03153,86.22
TEST-03154,4.84
TEST-03155,21.03
TEST-03156,7.07
TEST-03157,32.48
TEST-03158,60.05
TEST-03159,132.46
TEST-03160,47.73
TEST-03161,10.08
TEST-03162,63.86
TEST-03163,3.84
TEST-03164,31.54
TEST-03165,68.65
TEST-03166,6.17
TEST-03167,5.52
TEST-03168,56.88
TEST-03169,55.26
TEST-03170,30.25
TEST-03171,21.94
TEST-03172,40.75
TEST-03173,22.04
TEST-03174,21.79
TEST-03175,33.39
TEST-03176,7.12
TEST-03177,5.04
TEST-03178,28.11
TEST-03179,21.86
TEST-03180,60.99
TEST-03181,52.62
TEST-03182,5.0
TEST-03183,46.44
TEST-03184,43.27
TEST-03185,4.9
TEST-03186,6.78
TEST-03187,24.59
TEST-03188,66.21
TEST-03189,30.28
TEST-03190,38.98
TEST-03191,32.27
TEST-03192,56.22
TEST-03193,35.3
TEST-03194,66.53
TEST-03195,45.86
TEST-03196,22.54
TEST-03197,49.9
TEST-03198,23.12
TEST-03199,50.95
TEST-03200,62.16
TEST-03201,37.23
TEST-03202,21.68
TEST-03203,34.62
TEST-03204,5.22
TEST-03205,12.09
TEST-03206,4.7
TEST-03207,104.82
TEST-03208,18.25
TEST-03209,94.94
TEST-03210,34.64
TEST-03211,12.1
TEST-03212,51.71
TEST-03213,33.51
TEST-03214,59.86
TEST-03215,21.98
TEST-03216,5.76
TEST-03217,32.7
TEST-03218,25.89
TEST-03219,24.64
TEST-03220,5.37
TEST-03221,4.61
TEST-03222,37.27
TEST-03223,34.62
TEST-03224,57.41
TEST-03225,77.4
TEST-03226,51.5
TEST-03227,7.38
TEST-03228,7.31
TEST-03229,23.34
TEST-03230,15.29
TEST-03231,52.33
TEST-03232,29.56
TEST-03233,19.64
TEST-03234,19.07
TEST-03235,37.27
TEST-03236,39.67
TEST-03237,25.76
TEST-03238,7.78
TEST-03239,44.73
TEST-03240,16.66
TEST-03241,29.0
TEST-03242,4.21
TEST-03243,10.0
TEST-03244,39.52
TEST-03245,10.96
TEST-03246,37.97
TEST-03247,15.33
TEST-03248,6.6
TEST-03249,7.73
TEST-03250,17.46
TEST-03251,13.61
TEST-03252,5.71
TEST-03253,57.73
TEST-03254,10.7
TEST-03255,45.57
TEST-03256,11.0
TEST-03257,60.14
TEST-03258,4.88
TEST-03259,21.9
TEST-03260,48.24
TEST-03261,29.51
TEST-03262,15.59
TEST-03263,48.94
TEST-03264,22.41
TEST-03265,19.04
TEST-03266,21.1
TEST-03267,43.54
TEST-03268,53.51
TEST-03269,18.17
TEST-03270,22.03
TEST-03271,86.94
TEST-03272,22.15
TEST-03273,34.18
TEST-03274,35.88
TEST-03275,46.87
TEST-03276,3.44
TEST-03277,37.05
TEST-03278,28.62
TEST-03279,30.02
TEST-03280,19.71
TEST-03281,57.87
TEST-03282,49.03
TEST-03283,89.71
TEST-03284,38.28
TEST-03285,52.57
TEST-03286,108.33
TEST-03287,33.96
TEST-03288,41.6
TEST-03289,28.42
TEST-03290,6.79
TEST-03291,54.43
TEST-03292,34.08
TEST-03293,63.63
TEST-03294,4.5
TEST-03295,20.87
TEST-03296,66.85
TEST-03297,42.71
TEST-03298,36.5
TEST-03299,5.48
TEST-03300,37.79
TEST-03301,30.75
TEST-03302,34.75
TEST-03303,22.81
TEST-03304,4.61
TEST-03305,19.78
TEST-03306,5.97
TEST-03307,49.65
TEST-03308,20.43
TEST-03309,38.91
TEST-03310,40.16
TEST-03311,74.25
TEST-03312,4.51
TEST-03313,10.01
TEST-03314,67.54
TEST-03315,24.53
TEST-03316,47.29
TEST-03317,5.32
TEST-03318,59.78
TEST-03319,23.94
TEST-03320,36.16
TEST-03321,20.61
TEST-03322,32.14
TEST-03323,50.87
TEST-03324,55.91
TEST-03325,32.99
TEST-03326,18.6
TEST-03327,33.11
TEST-03328,48.76
TEST-03329,46.41
TEST-03330,14.63
TEST-03331,44.94
TEST-03332,20.89
TEST-03333,18.81
TEST-03334,23.82
TEST-03335,17.37
TEST-03336,117.8
TEST-03337,10.7
TEST-03338,20.03
TEST-03339,83.45
TEST-03340,22.53
TEST-03341,13.08
TEST-03342,11.37
TEST-03343,32.24
TEST-03344,3.84
TEST-03345,44.4
TEST-03346,28.64
TEST-03347,35.29
TEST-03348,41.59
TEST-03349,45.23
TEST-03350,41.97
TEST-03351,39.76
TEST-03352,51.75
TEST-03353,30.91
TEST-03354,3.34
TEST-03355,109.1
TEST-03356,43.21
TEST-03357,51.52
TEST-03358,13.22
TEST-03359,49.54
TEST-03360,11.09
TEST-03361,62.92
TEST-03362,68.27
TEST-03363,36.29
TEST-03364,20.43
TEST-03365,8.01
TEST-03366,30.54
TEST-03367,61.05
TEST-03368,4.27
TEST-03369,6.76
TEST-03370,22.81
TEST-03371,33.4
TEST-03372,18.46
TEST-03373,19.1
TEST-03374,6.23
TEST-03375,92.93
TEST-03376,105.04
TEST-03377,5.54
TEST-03378,18.62
TEST-03379,29.59
TEST-03380,15.52
TEST-03381,99.65
TEST-03382,4.47
TEST-03383,47.24
TEST-03384,4.95
TEST-03385,35.2
TEST-03386,34.21
TEST-03387,50.93
TEST-03388,54.31
TEST-03389,85.37
TEST-03390,16.99
TEST-03391,6.41
TEST-03392,5.77
TEST-03393,19.12
TEST-03394,45.05
TEST-03395,5.8
TEST-03396,44.5
TEST-03397,63.62
TEST-03398,10.05
TEST-03399,80.1
TEST-03400,8.33
TEST-03401,42.48
TEST-03402,10.53
TEST-03403,6.49
TEST-03404,4.08
TEST-03405,3.47
TEST-03406,57.75
TEST-03407,60.41
TEST-03408,6.46
TEST-03409,76.87
TEST-03410,140.53
TEST-03411,9.34
TEST-03412,6.38
TEST-03413,5.34
TEST-03414,33.98
TEST-03415,7.62
TEST-03416,11.7
TEST-03417,20.94
TEST-03418,109.23
TEST-03419,16.1
TEST-03420,60.04
TEST-03421,41.61
TEST-03422,5.77
TEST-03423,43.99
TEST-03424,29.36
TEST-03425,33.17
TEST-03426,106.28
TEST-03427,5.88
TEST-03428,25.91
TEST-03429,58.66
TEST-03430,4.27
TEST-03431,17.49
TEST-03432,33.85
TEST-03433,85.3
TEST-03434,24.92
TEST-03435,43.74
TEST-03436,18.02
TEST-03437,11.19
TEST-03438,53.88
TEST-03439,19.71
TEST-03440,37.63
TEST-03441,38.77
TEST-03442,85.92
TEST-03443,8.65
TEST-03444,48.82
TEST-03445,4.89
TEST-03446,48.08
TEST-03447,27.61
TEST-03448,10.69
TEST-03449,42.35
TEST-03450,42.04
TEST-03451,19.61
TEST-03452,32.71
TEST-03453,7.21
TEST-03454,34.64
TEST-03455,23.85
TEST-03456,21.26
TEST-03457,19.41
TEST-03458,41.28
TEST-03459,7.65
TEST-03460,34.74
TEST-03461,77.09
TEST-03462,41.12
TEST-03463,52.49
TEST-03464,51.84
TEST-03465,29.19
TEST-03466,5.92
TEST-03467,33.14
TEST-03468,6.1
TEST-03469,48.8
TEST-03470,45.65
TEST-03471,6.61
TEST-03472,57.45
TEST-03473,49.25
TEST-03474,25.52
TEST-03475,41.34
TEST-03476,56.87
TEST-03477,53.61
TEST-03478,6.21
TEST-03479,115.72
TEST-03480,55.07
TEST-03481,70.58
TEST-03482,64.88
TEST-03483,9.3
TEST-03484,20.96
TEST-03485,99.16
TEST-03486,43.7
TEST-03487,5.96
TEST-03488,77.4
TEST-03489,43.06
TEST-03490,25.98
TEST-03491,64.67
TEST-03492,12.21
TEST-03493,34.12
TEST-03494,36.51
TEST-03495,36.42
TEST-03496,49.45
TEST-03497,21.64
TEST-03498,52.53
TEST-03499,55.16
TEST-03500,6.44
TEST-03501,17.13
TEST-03502,33.48
TEST-03503,19.3
TEST-03504,37.71
TEST-03505,31.9
TEST-03506,3.68
TEST-03507,18.65
TEST-03508,46.31
TEST-03509,87.91
TEST-03510,63.48
TEST-03511,24.87
TEST-03512,9.77
TEST-03513,34.92
TEST-03514,7.91
TEST-03515,8.77
TEST-03516,10.82
TEST-03517,102.12
TEST-03518,26.75
TEST-03519,4.58
TEST-03520,35.97
TEST-03521,49.53
TEST-03522,33.41
TEST-03523,7.04
TEST-03524,28.82
TEST-03525,43.2
TEST-03526,27.98
TEST-03527,17.51
TEST-03528,5.93
TEST-03529,61.04
TEST-03530,53.76
TEST-03531,18.37
TEST-03532,27.68
TEST-03533,106.57
TEST-03534,107.66
TEST-03535,53.3
TEST-03536,109.28
TEST-03537,19.87
TEST-03538,12.12
TEST-03539,39.75
TEST-03540,58.24
TEST-03541,34.84
TEST-03542,69.54
TEST-03543,20.32
TEST-03544,4.66
TEST-03545,16.9
TEST-03546,34.61
TEST-03547,36.06
TEST-03548,32.33
TEST-03549,52.2
TEST-03550,35.99
TEST-03551,76.03
TEST-03552,42.48
TEST-03553,7.64
TEST-03554,36.93
TEST-03555,18.94
TEST-03556,43.31
TEST-03557,51.02
TEST-03558,24.59
TEST-03559,44.98
TEST-03560,4.63
TEST-03561,21.84
TEST-03562,16.73
TEST-03563,105.4
TEST-03564,22.11
TEST-03565,3.63
TEST-03566,24.74
TEST-03567,18.78
TEST-03568,29.18
TEST-03569,4.95
TEST-03570,5.41
TEST-03571,58.03
TEST-03572,12.74
TEST-03573,4.68
TEST-03574,61.16
TEST-03575,65.75
TEST-03576,5.25
TEST-03577,50.39
TEST-03578,46.37
TEST-03579,11.92
TEST-03580,30.46
TEST-03581,26.24
TEST-03582,51.97
TEST-03583,19.39
TEST-03584,50.33
TEST-03585,7.26
TEST-03586,22.33
TEST-03587,60.52
TEST-03588,3.43
TEST-03589,9.69
TEST-03590,37.02
TEST-03591,55.01
TEST-03592,18.32
TEST-03593,30.99
TEST-03594,22.48
TEST-03595,15.11
TEST-03596,18.38
TEST-03597,3.44
TEST-03598,5.3
TEST-03599,24.41
TEST-03600,45.16
TEST-03601,3.52
TEST-03602,9.74
TEST-03603,3.95
TEST-03604,26.5
TEST-03605,52.98
TEST-03606,8.97
TEST-03607,34.38
TEST-03608,3.76
TEST-03609,42.0
TEST-03610,79.04
TEST-03611,18.18
TEST-03612,40.32
TEST-03613,29.49
TEST-03614,39.18
TEST-03615,22.72
TEST-03616,19.54
TEST-03617,25.39
TEST-03618,6.62
TEST-03619,29.8
TEST-03620,95.42
TEST-03621,21.18
TEST-03622,6.16
TEST-03623,23.22
TEST-03624,5.67
TEST-03625,59.8
TEST-03626,30.14
TEST-03627,3.57
TEST-03628,4.75
TEST-03629,49.63
TEST-03630,42.34
TEST-03631,59.31
TEST-03632,7.61
TEST-03633,43.42
TEST-03634,24.02
TEST-03635,5.41
TEST-03636,5.03
TEST-03637,10.23
TEST-03638,24.15
TEST-03639,9.01
TEST-03640,17.69
TEST-03641,36.68
TEST-03642,4.43
TEST-03643,44.59
TEST-03644,12.17
TEST-03645,9.34
TEST-03646,12.91
TEST-03647,10.98
TEST-03648,50.55
TEST-03649,24.59
TEST-03650,34.08
TEST-03651,89.37
TEST-03652,19.47
TEST-03653,7.98
TEST-03654,55.38
TEST-03655,39.72
TEST-03656,10.54
TEST-03657,16.27
TEST-03658,17.36
TEST-03659,30.43
TEST-03660,55.58
TEST-03661,21.26
TEST-03662,33.73
TEST-03663,69.79
TEST-03664,32.78
TEST-03665,41.89
TEST-03666,18.03
TEST-03667,57.08
TEST-03668,8.79
TEST-03669,3.56
TEST-03670,62.78
TEST-03671,38.72
TEST-03672,47.75
TEST-03673,31.13
TEST-03674,6.72
TEST-03675,50.82
TEST-03676,6.75
TEST-03677,43.01
TEST-03678,27.74
TEST-03679,43.84
TEST-03680,8.96
TEST-03681,49.52
TEST-03682,41.68
TEST-03683,39.0
TEST-03684,31.26
TEST-03685,22.42
TEST-03686,49.54
TEST-03687,74.05
TEST-03688,37.86
TEST-03689,39.91
TEST-03690,27.55
TEST-03691,98.99
TEST-03692,21.96
TEST-03693,106.84
TEST-03694,4.93
TEST-03695,34.43
TEST-03696,15.15
TEST-03697,51.97
TEST-03698,32.09
TEST-03699,8.03
TEST-03700,85.15
TEST-03701,36.45
TEST-03702,5.57
TEST-03703,22.52
TEST-03704,5.42
TEST-03705,12.48
TEST-03706,31.31
TEST-03707,15.19
TEST-03708,52.31
TEST-03709,44.55
TEST-03710,8.78
TEST-03711,37.56
TEST-03712,5.7
TEST-03713,32.84
TEST-03714,61.52
TEST-03715,45.7
TEST-03716,54.03
TEST-03717,45.67
TEST-03718,53.93
TEST-03719,56.66
TEST-03720,24.82
TEST-03721,19.88
TEST-03722,18.13
TEST-03723,47.12
TEST-03724,22.23
TEST-03725,13.74
TEST-03726,40.47
TEST-03727,4.95
TEST-03728,16.64
TEST-03729,33.59
TEST-03730,5.16
TEST-03731,12.21
TEST-03732,56.29
TEST-03733,91.26
TEST-03734,8.62
TEST-03735,59.97
TEST-03736,17.07
TEST-03737,4.67
TEST-03738,68.88
TEST-03739,53.51
TEST-03740,62.82
TEST-03741,51.26
TEST-03742,47.9
TEST-03743,43.95
TEST-03744,50.7
TEST-03745,54.41
TEST-03746,39.43
TEST-03747,37.64
TEST-03748,16.78
TEST-03749,14.63
TEST-03750,3.66
TEST-03751,12.02
TEST-03752,40.86
TEST-03753,9.95
TEST-03754,19.01
TEST-03755,16.77
TEST-03756,52.82
TEST-03757,13.02
TEST-03758,7.43
TEST-03759,94.22
TEST-03760,23.57
TEST-03761,12.43
TEST-03762,39.53
TEST-03763,59.43
TEST-03764,23.71
TEST-03765,45.48
TEST-03766,10.29
TEST-03767,53.89
TEST-03768,76.48
TEST-03769,19.83
TEST-03770,46.26
TEST-03771,30.0
TEST-03772,43.37
TEST-03773,30.87
TEST-03774,19.66
TEST-03775,23.97
TEST-03776,15.69
TEST-03777,40.26
TEST-03778,5.04
TEST-03779,33.36
TEST-03780,43.8
TEST-03781,24.11
TEST-03782,43.64
TEST-03783,96.86
TEST-03784,3.57
TEST-03785,18.34
TEST-03786,5.72
TEST-03787,4.27
TEST-03788,46.39
TEST-03789,27.98
TEST-03790,44.65
TEST-03791,5.61
TEST-03792,60.9
TEST-03793,15.76
TEST-03794,7.59
TEST-03795,5.71
TEST-03796,31.5
TEST-03797,19.1
TEST-03798,39.06
TEST-03799,80.93
TEST-03800,20.9
TEST-03801,34.4
TEST-03802,56.02
TEST-03803,37.36
TEST-03804,48.67
TEST-03805,49.04
TEST-03806,4.35
TEST-03807,49.01
TEST-03808,4.49
TEST-03809,34.72
TEST-03810,39.86
TEST-03811,63.91
TEST-03812,3.92
TEST-03813,44.55
TEST-03814,4.63
TEST-03815,42.75
TEST-03816,105.33
TEST-03817,16.68
TEST-03818,7.91
TEST-03819,9.4
TEST-03820,23.68
TEST-03821,4.84
TEST-03822,46.32
TEST-03823,17.98
TEST-03824,33.25
TEST-03825,55.64
TEST-03826,9.3
TEST-03827,49.61
TEST-03828,35.79
TEST-03829,40.21
TEST-03830,11.74
TEST-03831,26.23
TEST-03832,48.59
TEST-03833,61.5
TEST-03834,4.08
TEST-03835,7.85
TEST-03836,49.5
TEST-03837,24.11
TEST-03838,51.21
TEST-03839,63.33
TEST-03840,24.57
TEST-03841,4.88
TEST-03842,3.12
TEST-03843,17.12
TEST-03844,78.99
TEST-03845,24.35
TEST-03846,12.32
TEST-03847,43.1
TEST-03848,40.79
TEST-03849,32.35
TEST-03850,5.99
TEST-03851,13.66
TEST-03852,17.13
TEST-03853,5.77
TEST-03854,7.47
TEST-03855,5.29
TEST-03856,53.65
TEST-03857,58.36
TEST-03858,37.82
TEST-03859,32.96
TEST-03860,33.01
TEST-03861,10.63
TEST-03862,3.23
TEST-03863,41.62
TEST-03864,29.18
TEST-03865,35.73
TEST-03866,33.32
TEST-03867,5.89
TEST-03868,12.7
TEST-03869,25.04
TEST-03870,26.1
TEST-03871,38.34
TEST-03872,11.95
TEST-03873,21.3
TEST-03874,8.54
TEST-03875,33.38
TEST-03876,65.36
TEST-03877,5.15
TEST-03878,32.68
TEST-03879,20.1
TEST-03880,47.56
TEST-03881,34.19
TEST-03882,9.16
TEST-03883,24.01
TEST-03884,104.91
TEST-03885,74.09
TEST-03886,11.06
TEST-03887,21.02
TEST-03888,20.36
TEST-03889,31.11
TEST-03890,11.84
TEST-03891,39.67
TEST-03892,9.33
TEST-03893,4.41
TEST-03894,41.75
TEST-03895,53.34
TEST-03896,39.26
TEST-03897,70.64
TEST-03898,45.25
TEST-03899,40.66
TEST-03900,36.12
TEST-03901,41.87
TEST-03902,43.58
TEST-03903,85.09
TEST-03904,61.65
TEST-03905,106.64
TEST-03906,16.93
TEST-03907,15.69
TEST-03908,30.49
TEST-03909,7.14
TEST-03910,11.69
TEST-03911,5.33
TEST-03912,12.81
TEST-03913,5.37
TEST-03914,44.93
TEST-03915,83.11
TEST-03916,4.7
TEST-03917,49.62
TEST-03918,59.4
TEST-03919,18.62
TEST-03920,13.53
TEST-03921,31.74
TEST-03922,12.8
TEST-03923,3.5
TEST-03924,15.47
TEST-03925,58.35
TEST-03926,65.82
TEST-03927,30.76
TEST-03928,21.64
TEST-03929,55.17
TEST-03930,36.86
TEST-03931,30.91
TEST-03932,78.37
TEST-03933,12.06
TEST-03934,62.14
TEST-03935,5.79
TEST-03936,71.99
TEST-03937,8.64
TEST-03938,3.62
TEST-03939,37.3
TEST-03940,27.02
TEST-03941,31.15
TEST-03942,37.54
TEST-03943,19.19
TEST-03944,31.96
TEST-03945,7.5
TEST-03946,44.26
TEST-03947,22.21
TEST-03948,5.2
TEST-03949,20.57
TEST-03950,78.69
TEST-03951,5.2
TEST-03952,3.3
TEST-03953,4.89
TEST-03954,4.49
TEST-03955,8.04
TEST-03956,30.46
TEST-03957,21.72
TEST-03958,46.89
TEST-03959,6.16
TEST-03960,54.17
TEST-03961,3.55
TEST-03962,5.48
TEST-03963,3.75
TEST-03964,7.03
TEST-03965,5.08
TEST-03966,50.02
TEST-03967,18.85
TEST-03968,8.54
TEST-03969,64.23
TEST-03970,31.48
TEST-03971,73.22
TEST-03972,46.09
TEST-03973,32.15
TEST-03974,53.89
TEST-03975,34.85
TEST-03976,32.45
TEST-03977,26.27
TEST-03978,6.07
TEST-03979,52.25
TEST-03980,109.22
TEST-03981,87.39
TEST-03982,6.87
TEST-03983,21.01
TEST-03984,71.31
TEST-03985,4.46
TEST-03986,51.57
TEST-03987,33.84
TEST-03988,24.91
TEST-03989,49.0
TEST-03990,39.81
TEST-03991,46.67
TEST-03992,86.34
TEST-03993,12.2
TEST-03994,47.56
TEST-03995,56.19
TEST-03996,26.8
TEST-03997,24.68
TEST-03998,52.07
TEST-03999,96.84
TEST-04000,20.71
TEST-04001,39.0
TEST-04002,64.8
TEST-04003,42.9
TEST-04004,4.11
TEST-04005,10.51
TEST-04006,106.16
TEST-04007,19.31
TEST-04008,23.8
TEST-04009,8.72
TEST-04010,20.92
TEST-04011,32.32
TEST-04012,22.58
TEST-04013,37.52
TEST-04014,24.32
TEST-04015,112.82
TEST-04016,51.99
TEST-04017,42.41
TEST-04018,51.57
TEST-04019,6.28
TEST-04020,30.74
TEST-04021,31.8
TEST-04022,40.92
TEST-04023,27.88
TEST-04024,21.34
TEST-04025,18.58
TEST-04026,65.92
TEST-04027,49.62
TEST-04028,13.59
TEST-04029,11.12
TEST-04030,7.5
TEST-04031,70.22
TEST-04032,35.26
