zone,dow,hour,typical_trips
Arat Kilo,0,0,4.75
Arat Kilo,0,1,3.0
Arat Kilo,0,2,3.2857142857142856
Arat Kilo,0,3,2.625
Arat Kilo,0,4,2.75
Arat Kilo,0,5,6.125
Arat Kilo,0,6,16.25
Arat Kilo,0,7,47.75
Arat Kilo,0,8,54.125
Arat Kilo,0,9,37.9375
Arat Kilo,0,10,22.0
Arat Kilo,0,11,14.25
Arat Kilo,0,12,30.5
Arat Kilo,0,13,37.375
Arat Kilo,0,14,33.25
Arat Kilo,0,15,31.25
Arat Kilo,0,16,45.125
Arat Kilo,0,17,60.875
Arat Kilo,0,18,75.625
Arat Kilo,0,19,59.0625
Arat Kilo,0,20,41.0
Arat Kilo,0,21,24.75
Arat Kilo,0,22,11.875
Arat Kilo,0,23,5.0
Arat Kilo,1,0,3.625
Arat Kilo,1,1,2.375
Arat Kilo,1,2,4.625
Arat Kilo,1,3,3.625
Arat Kilo,1,4,3.25
Arat Kilo,1,5,6.5
Arat Kilo,1,6,15.875
Arat Kilo,1,7,42.75
Arat Kilo,1,8,55.25
Arat Kilo,1,9,40.0
Arat Kilo,1,10,19.6875
Arat Kilo,1,11,17.0
Arat Kilo,1,12,26.5
Arat Kilo,1,13,36.75
Arat Kilo,1,14,40.75
Arat Kilo,1,15,29.125
Arat Kilo,1,16,46.625
Arat Kilo,1,17,60.75
Arat Kilo,1,18,77.0
Arat Kilo,1,19,59.142857142857146
Arat Kilo,1,20,37.75
Arat Kilo,1,21,22.75
Arat Kilo,1,22,10.375
Arat Kilo,1,23,6.125
Arat Kilo,2,0,5.5
Arat Kilo,2,1,3.125
Arat Kilo,2,2,3.75
Arat Kilo,2,3,3.125
Arat Kilo,2,4,3.375
Arat Kilo,2,5,6.0
Arat Kilo,2,6,16.375
Arat Kilo,2,7,38.875
Arat Kilo,2,8,54.375
Arat Kilo,2,9,41.57142857142857
Arat Kilo,2,10,18.375
Arat Kilo,2,11,15.375
Arat Kilo,2,12,26.25
Arat Kilo,2,13,40.25
Arat Kilo,2,14,31.75
Arat Kilo,2,15,32.25
Arat Kilo,2,16,42.625
Arat Kilo,2,17,71.57142857142857
Arat Kilo,2,18,71.5
Arat Kilo,2,19,54.125
Arat Kilo,2,20,42.75
Arat Kilo,2,21,24.25
Arat Kilo,2,22,11.875
Arat Kilo,2,23,6.75
Arat Kilo,3,0,4.125
Arat Kilo,3,1,3.125
Arat Kilo,3,2,3.5
Arat Kilo,3,3,3.625
Arat Kilo,3,4,4.25
Arat Kilo,3,5,5.75
Arat Kilo,3,6,13.0
Arat Kilo,3,7,34.75
Arat Kilo,3,8,44.25
Arat Kilo,3,9,32.375
Arat Kilo,3,10,20.125
Arat Kilo,3,11,14.0
Arat Kilo,3,12,28.375
Arat Kilo,3,13,32.5
Arat Kilo,3,14,29.0
Arat Kilo,3,15,26.875
Arat Kilo,3,16,40.75
Arat Kilo,3,17,59.5
Arat Kilo,3,18,63.75
Arat Kilo,3,19,48.75
Arat Kilo,3,20,31.375
Arat Kilo,3,21,21.875
Arat Kilo,3,22,10.625
Arat Kilo,3,23,5.625
Arat Kilo,4,0,3.0
Arat Kilo,4,1,2.25
Arat Kilo,4,2,4.375
Arat Kilo,4,3,3.0
Arat Kilo,4,4,3.0
Arat Kilo,4,5,5.625
Arat Kilo,4,6,16.125
Arat Kilo,4,7,42.125
Arat Kilo,4,8,59.75
Arat Kilo,4,9,42.0
Arat Kilo,4,10,21.75
Arat Kilo,4,11,19.875
Arat Kilo,4,12,32.0
Arat Kilo,4,13,42.25
Arat Kilo,4,14,41.0
Arat Kilo,4,15,31.375
Arat Kilo,4,16,44.375
Arat Kilo,4,17,70.5
Arat Kilo,4,18,86.375
Arat Kilo,4,19,60.75
Arat Kilo,4,20,47.875
Arat Kilo,4,21,26.375
Arat Kilo,4,22,15.875
Arat Kilo,4,23,6.333333333333333
Arat Kilo,5,0,4.625
Arat Kilo,5,1,3.4285714285714284
Arat Kilo,5,2,3.875
Arat Kilo,5,3,3.857142857142857
Arat Kilo,5,4,3.125
Arat Kilo,5,5,4.625
Arat Kilo,5,6,4.0
Arat Kilo,5,7,5.875
Arat Kilo,5,8,11.875
Arat Kilo,5,9,11.125
Arat Kilo,5,10,14.375
Arat Kilo,5,11,22.5
Arat Kilo,5,12,17.125
Arat Kilo,5,13,31.875
Arat Kilo,5,14,16.625
Arat Kilo,5,15,19.5
Arat Kilo,5,16,17.875
Arat Kilo,5,17,20.375
Arat Kilo,5,18,29.875
Arat Kilo,5,19,30.0
Arat Kilo,5,20,24.875
Arat Kilo,5,21,17.5
Arat Kilo,5,22,12.25
Arat Kilo,5,23,7.75
Arat Kilo,6,0,4.5
Arat Kilo,6,1,6.25
Arat Kilo,6,2,3.75
Arat Kilo,6,3,2.125
Arat Kilo,6,4,4.375
Arat Kilo,6,5,4.625
Arat Kilo,6,6,4.0
Arat Kilo,6,7,7.625
Arat Kilo,6,8,10.375
Arat Kilo,6,9,13.5
Arat Kilo,6,10,14.75
Arat Kilo,6,11,17.875
Arat Kilo,6,12,21.875
Arat Kilo,6,13,19.5
Arat Kilo,6,14,18.0
Arat Kilo,6,15,17.0
Arat Kilo,6,16,19.125
Arat Kilo,6,17,26.125
Arat Kilo,6,18,24.125
Arat Kilo,6,19,22.625
Arat Kilo,6,20,22.375
Arat Kilo,6,21,17.125
Arat Kilo,6,22,12.125
Arat Kilo,6,23,6.571428571428571
Ayat,0,0,5.25
Ayat,0,1,2.75
Ayat,0,2,3.625
Ayat,0,3,4.0
Ayat,0,4,5.0
Ayat,0,5,16.75
Ayat,0,6,29.375
Ayat,0,7,47.375
Ayat,0,8,34.875
Ayat,0,9,23.75
Ayat,0,10,15.625
Ayat,0,11,18.0
Ayat,0,12,16.875
Ayat,0,13,18.071428571428573
Ayat,0,14,15.625
Ayat,0,15,18.5
Ayat,0,16,18.875
Ayat,0,17,31.0
Ayat,0,18,39.25
Ayat,0,19,39.125
Ayat,0,20,37.375
Ayat,0,21,22.75
Ayat,0,22,14.9375
Ayat,0,23,11.0
Ayat,1,0,4.75
Ayat,1,1,2.875
Ayat,1,2,3.375
Ayat,1,3,3.875
Ayat,1,4,5.125
Ayat,1,5,14.125
Ayat,1,6,28.5
Ayat,1,7,48.125
Ayat,1,8,36.6875
Ayat,1,9,24.25
Ayat,1,10,17.5
Ayat,1,11,16.25
Ayat,1,12,16.875
Ayat,1,13,18.25
Ayat,1,14,18.125
Ayat,1,15,16.25
Ayat,1,16,19.125
Ayat,1,17,23.125
Ayat,1,18,40.5
Ayat,1,19,40.75
Ayat,1,20,32.5
Ayat,1,21,27.25
Ayat,1,22,17.0
Ayat,1,23,8.625
Ayat,2,0,4.875
Ayat,2,1,3.25
Ayat,2,2,2.75
Ayat,2,3,4.5
Ayat,2,4,5.375
Ayat,2,5,14.625
Ayat,2,6,37.0
Ayat,2,7,46.25
Ayat,2,8,39.25
Ayat,2,9,22.625
Ayat,2,10,14.5
Ayat,2,11,17.625
Ayat,2,12,15.0
Ayat,2,13,18.5
Ayat,2,14,16.0
Ayat,2,15,16.375
Ayat,2,16,21.25
Ayat,2,17,28.375
Ayat,2,18,37.0
Ayat,2,19,38.25
Ayat,2,20,38.25
Ayat,2,21,24.6875
Ayat,2,22,18.625
Ayat,2,23,7.875
Ayat,3,0,4.25
Ayat,3,1,4.625
Ayat,3,2,2.875
Ayat,3,3,3.25
Ayat,3,4,6.625
Ayat,3,5,14.5
Ayat,3,6,31.6875
Ayat,3,7,44.75
Ayat,3,8,31.125
Ayat,3,9,21.625
Ayat,3,10,17.375
Ayat,3,11,19.875
Ayat,3,12,21.714285714285715
Ayat,3,13,16.375
Ayat,3,14,20.0
Ayat,3,15,14.125
Ayat,3,16,21.0
Ayat,3,17,29.428571428571427
Ayat,3,18,38.75
Ayat,3,19,37.125
Ayat,3,20,34.5
Ayat,3,21,25.75
Ayat,3,22,17.0
Ayat,3,23,9.0
Ayat,4,0,5.0625
Ayat,4,1,4.625
Ayat,4,2,3.125
Ayat,4,3,3.125
Ayat,4,4,7.25
Ayat,4,5,17.714285714285715
Ayat,4,6,33.125
Ayat,4,7,45.875
Ayat,4,8,35.375
Ayat,4,9,22.571428571428573
Ayat,4,10,17.5
Ayat,4,11,19.375
Ayat,4,12,18.125
Ayat,4,13,18.5
Ayat,4,14,17.0
Ayat,4,15,15.125
Ayat,4,16,17.25
Ayat,4,17,32.25
Ayat,4,18,43.625
Ayat,4,19,44.75
Ayat,4,20,31.5625
Ayat,4,21,29.625
Ayat,4,22,17.875
Ayat,4,23,9.222222222222221
Ayat,5,0,6.3125
Ayat,5,1,4.0
Ayat,5,2,3.375
Ayat,5,3,4.0
Ayat,5,4,4.25
Ayat,5,5,5.75
Ayat,5,6,10.75
Ayat,5,7,13.375
Ayat,5,8,18.125
Ayat,5,9,22.875
Ayat,5,10,30.375
Ayat,5,11,33.25
Ayat,5,12,34.75
Ayat,5,13,37.5
Ayat,5,14,34.875
Ayat,5,15,34.125
Ayat,5,16,33.375
Ayat,5,17,37.25
Ayat,5,18,38.0
Ayat,5,19,38.75
Ayat,5,20,34.75
Ayat,5,21,24.25
Ayat,5,22,19.0
Ayat,5,23,12.0
Ayat,6,0,6.375
Ayat,6,1,4.5
Ayat,6,2,5.0
Ayat,6,3,3.625
Ayat,6,4,4.875
Ayat,6,5,5.375
Ayat,6,6,8.0
Ayat,6,7,14.4375
Ayat,6,8,15.75
Ayat,6,9,27.125
Ayat,6,10,30.625
Ayat,6,11,34.0
Ayat,6,12,37.125
Ayat,6,13,36.125
Ayat,6,14,34.25
Ayat,6,15,29.0
Ayat,6,16,36.375
Ayat,6,17,35.125
Ayat,6,18,41.25
Ayat,6,19,36.375
Ayat,6,20,32.5
Ayat,6,21,24.5
Ayat,6,22,14.0
Ayat,6,23,9.125
Bole,0,0,14.875
Bole,0,1,13.5
Bole,0,2,11.25
Bole,0,3,17.625
Bole,0,4,30.0
Bole,0,5,58.875
Bole,0,6,63.875
Bole,0,7,59.25
Bole,0,8,53.5
Bole,0,9,42.375
Bole,0,10,37.125
Bole,0,11,34.75
Bole,0,12,38.57142857142857
Bole,0,13,47.5
Bole,0,14,43.25
Bole,0,15,37.875
Bole,0,16,38.25
Bole,0,17,45.5
Bole,0,18,54.5
Bole,0,19,57.375
Bole,0,20,57.125
Bole,0,21,41.5
Bole,0,22,30.375
Bole,0,23,24.375
Bole,1,0,16.875
Bole,1,1,12.0
Bole,1,2,10.0
Bole,1,3,17.5
Bole,1,4,31.125
Bole,1,5,61.25
Bole,1,6,78.0
Bole,1,7,56.125
Bole,1,8,49.5
Bole,1,9,41.5
Bole,1,10,36.375
Bole,1,11,37.0
Bole,1,12,47.75
Bole,1,13,44.75
Bole,1,14,52.75
Bole,1,15,36.875
Bole,1,16,32.75
Bole,1,17,38.125
Bole,1,18,59.0
Bole,1,19,65.25
Bole,1,20,53.25
Bole,1,21,48.5625
Bole,1,22,28.75
Bole,1,23,18.142857142857142
Bole,2,0,11.25
Bole,2,1,12.125
Bole,2,2,10.5
Bole,2,3,14.125
Bole,2,4,31.75
Bole,2,5,56.714285714285715
Bole,2,6,64.125
Bole,2,7,52.625
Bole,2,8,47.0
Bole,2,9,38.625
Bole,2,10,33.714285714285715
Bole,2,11,32.125
Bole,2,12,34.375
Bole,2,13,46.25
Bole,2,14,39.25
Bole,2,15,34.285714285714285
Bole,2,16,36.5
Bole,2,17,36.4375
Bole,2,18,45.5
Bole,2,19,56.3125
Bole,2,20,57.125
Bole,2,21,40.875
Bole,2,22,30.875
Bole,2,23,16.5
Bole,3,0,20.875
Bole,3,1,18.375
Bole,3,2,14.3125
Bole,3,3,16.75
Bole,3,4,29.142857142857142
Bole,3,5,55.25
Bole,3,6,63.125
Bole,3,7,54.625
Bole,3,8,41.25
Bole,3,9,43.875
Bole,3,10,38.875
Bole,3,11,32.875
Bole,3,12,39.875
Bole,3,13,48.5
Bole,3,14,43.25
Bole,3,15,37.25
Bole,3,16,33.125
Bole,3,17,50.875
Bole,3,18,58.125
Bole,3,19,56.125
Bole,3,20,64.5
Bole,3,21,49.5
Bole,3,22,39.57142857142857
Bole,3,23,26.375
Bole,4,0,12.625
Bole,4,1,11.75
Bole,4,2,9.25
Bole,4,3,17.375
Bole,4,4,28.625
Bole,4,5,66.25
Bole,4,6,72.0
Bole,4,7,61.125
Bole,4,8,48.875
Bole,4,9,53.125
Bole,4,10,37.142857142857146
Bole,4,11,34.375
Bole,4,12,37.0625
Bole,4,13,50.0
Bole,4,14,44.0
Bole,4,15,37.875
Bole,4,16,37.25
Bole,4,17,42.125
Bole,4,18,56.6875
Bole,4,19,63.142857142857146
Bole,4,20,75.875
Bole,4,21,81.625
Bole,4,22,87.625
Bole,4,23,77.77777777777777
Bole,5,0,95.75
Bole,5,1,60.375
Bole,5,2,38.375
Bole,5,3,27.25
Bole,5,4,31.0
Bole,5,5,49.625
Bole,5,6,55.42857142857143
Bole,5,7,34.875
Bole,5,8,23.125
Bole,5,9,19.25
Bole,5,10,27.625
Bole,5,11,35.625
Bole,5,12,40.5
Bole,5,13,43.125
Bole,5,14,45.5
Bole,5,15,55.375
Bole,5,16,49.5
Bole,5,17,52.375
Bole,5,18,60.285714285714285
Bole,5,19,71.75
Bole,5,20,84.875
Bole,5,21,99.875
Bole,5,22,104.5
Bole,5,23,112.625
Bole,6,0,120.375
Bole,6,1,72.875
Bole,6,2,39.875
Bole,6,3,23.0
Bole,6,4,28.125
Bole,6,5,52.25
Bole,6,6,47.375
Bole,6,7,33.25
Bole,6,8,21.625
Bole,6,9,24.75
Bole,6,10,25.875
Bole,6,11,33.25
Bole,6,12,40.125
Bole,6,13,51.0
Bole,6,14,49.625
Bole,6,15,48.25
Bole,6,16,52.6875
Bole,6,17,56.125
Bole,6,18,73.25
Bole,6,19,72.42857142857143
Bole,6,20,70.75
Bole,6,21,80.625
Bole,6,22,76.875
Bole,6,23,63.125
CMC,0,0,7.125
CMC,0,1,5.0
CMC,0,2,4.5
CMC,0,3,3.75
CMC,0,4,10.375
CMC,0,5,23.875
CMC,0,6,49.125
CMC,0,7,65.1875
CMC,0,8,56.3125
CMC,0,9,34.285714285714285
CMC,0,10,23.5
CMC,0,11,21.25
CMC,0,12,23.75
CMC,0,13,22.625
CMC,0,14,19.0
CMC,0,15,19.9375
CMC,0,16,24.5
CMC,0,17,44.625
CMC,0,18,50.875
CMC,0,19,54.125
CMC,0,20,52.375
CMC,0,21,35.42857142857143
CMC,0,22,24.0
CMC,0,23,14.25
CMC,1,0,8.0
CMC,1,1,6.875
CMC,1,2,3.25
CMC,1,3,4.5
CMC,1,4,11.0
CMC,1,5,20.25
CMC,1,6,49.5
CMC,1,7,132.125
CMC,1,8,50.75
CMC,1,9,30.0
CMC,1,10,24.75
CMC,1,11,24.4375
CMC,1,12,29.75
CMC,1,13,27.375
CMC,1,14,27.375
CMC,1,15,21.625
CMC,1,16,31.125
CMC,1,17,33.625
CMC,1,18,56.0
CMC,1,19,63.125
CMC,1,20,93.5
CMC,1,21,36.625
CMC,1,22,22.75
CMC,1,23,11.0
CMC,2,0,6.125
CMC,2,1,4.125
CMC,2,2,5.0
CMC,2,3,4.625
CMC,2,4,8.571428571428571
CMC,2,5,23.75
CMC,2,6,46.857142857142854
CMC,2,7,70.375
CMC,2,8,51.625
CMC,2,9,32.5
CMC,2,10,20.5
CMC,2,11,25.0
CMC,2,12,24.625
CMC,2,13,24.0
CMC,2,14,21.75
CMC,2,15,22.75
CMC,2,16,27.875
CMC,2,17,42.5625
CMC,2,18,52.125
CMC,2,19,60.75
CMC,2,20,51.75
CMC,2,21,36.0
CMC,2,22,20.75
CMC,2,23,12.375
CMC,3,0,5.75
CMC,3,1,6.625
CMC,3,2,6.5
CMC,3,3,4.375
CMC,3,4,7.0
CMC,3,5,17.714285714285715
CMC,3,6,49.125
CMC,3,7,55.75
CMC,3,8,52.0
CMC,3,9,36.5
CMC,3,10,27.375
CMC,3,11,26.125
CMC,3,12,31.75
CMC,3,13,24.25
CMC,3,14,28.5
CMC,3,15,24.857142857142858
CMC,3,16,24.75
CMC,3,17,45.5
CMC,3,18,46.857142857142854
CMC,3,19,50.875
CMC,3,20,50.0
CMC,3,21,32.125
CMC,3,22,20.75
CMC,3,23,13.0
CMC,4,0,6.214285714285714
CMC,4,1,4.625
CMC,4,2,4.625
CMC,4,3,5.625
CMC,4,4,6.875
CMC,4,5,23.0
CMC,4,6,50.0
CMC,4,7,66.75
CMC,4,8,56.75
CMC,4,9,30.125
CMC,4,10,21.571428571428573
CMC,4,11,24.5
CMC,4,12,26.375
CMC,4,13,26.125
CMC,4,14,23.125
CMC,4,15,21.875
CMC,4,16,28.25
CMC,4,17,48.125
CMC,4,18,60.625
CMC,4,19,64.625
CMC,4,20,58.125
CMC,4,21,35.875
CMC,4,22,27.875
CMC,4,23,11.444444444444445
CMC,5,0,7.25
CMC,5,1,17.0
CMC,5,2,5.625
CMC,5,3,6.142857142857143
CMC,5,4,6.75
CMC,5,5,8.0
CMC,5,6,10.875
CMC,5,7,14.875
CMC,5,8,26.5
CMC,5,9,36.75
CMC,5,10,39.5
CMC,5,11,44.875
CMC,5,12,55.25
CMC,5,13,48.142857142857146
CMC,5,14,49.0
CMC,5,15,72.125
CMC,5,16,45.285714285714285
CMC,5,17,51.5
CMC,5,18,52.75
CMC,5,19,59.875
CMC,5,20,53.125
CMC,5,21,36.25
CMC,5,22,23.25
CMC,5,23,13.5
CMC,6,0,8.625
CMC,6,1,7.25
CMC,6,2,6.125
CMC,6,3,8.125
CMC,6,4,5.142857142857143
CMC,6,5,6.875
CMC,6,6,10.75
CMC,6,7,16.375
CMC,6,8,29.375
CMC,6,9,33.25
CMC,6,10,45.625
CMC,6,11,43.25
CMC,6,12,48.75
CMC,6,13,58.125
CMC,6,14,47.0
CMC,6,15,46.125
CMC,6,16,43.125
CMC,6,17,52.375
CMC,6,18,52.0
CMC,6,19,51.142857142857146
CMC,6,20,40.0
CMC,6,21,37.5
CMC,6,22,26.625
CMC,6,23,10.125
Gerji,0,0,7.875
Gerji,0,1,4.25
Gerji,0,2,3.125
Gerji,0,3,4.875
Gerji,0,4,9.625
Gerji,0,5,22.25
Gerji,0,6,40.125
Gerji,0,7,65.875
Gerji,0,8,47.0
Gerji,0,9,33.375
Gerji,0,10,22.125
Gerji,0,11,21.875
Gerji,0,12,20.125
Gerji,0,13,24.125
Gerji,0,14,18.625
Gerji,0,15,21.625
Gerji,0,16,28.75
Gerji,0,17,39.875
Gerji,0,18,47.0
Gerji,0,19,50.25
Gerji,0,20,94.25
Gerji,0,21,34.0
Gerji,0,22,22.0
Gerji,0,23,11.625
Gerji,1,0,7.5
Gerji,1,1,5.125
Gerji,1,2,4.375
Gerji,1,3,5.0
Gerji,1,4,8.625
Gerji,1,5,22.75
Gerji,1,6,45.5
Gerji,1,7,62.125
Gerji,1,8,48.625
Gerji,1,9,31.5
Gerji,1,10,19.375
Gerji,1,11,21.714285714285715
Gerji,1,12,28.875
Gerji,1,13,26.125
Gerji,1,14,26.3125
Gerji,1,15,21.375
Gerji,1,16,26.5
Gerji,1,17,36.25
Gerji,1,18,53.875
Gerji,1,19,52.25
Gerji,1,20,47.625
Gerji,1,21,33.25
Gerji,1,22,21.75
Gerji,1,23,10.625
Gerji,2,0,6.625
Gerji,2,1,4.5625
Gerji,2,2,4.25
Gerji,2,3,4.5
Gerji,2,4,9.75
Gerji,2,5,21.75
Gerji,2,6,47.375
Gerji,2,7,64.0
Gerji,2,8,46.25
Gerji,2,9,30.125
Gerji,2,10,18.375
Gerji,2,11,23.125
Gerji,2,12,25.5
Gerji,2,13,24.375
Gerji,2,14,21.375
Gerji,2,15,22.25
Gerji,2,16,33.625
Gerji,2,17,37.5
Gerji,2,18,56.625
Gerji,2,19,56.875
Gerji,2,20,48.5
Gerji,2,21,34.375
Gerji,2,22,24.375
Gerji,2,23,10.75
Gerji,3,0,8.125
Gerji,3,1,4.75
Gerji,3,2,4.25
Gerji,3,3,5.375
Gerji,3,4,7.5
Gerji,3,5,17.625
Gerji,3,6,38.75
Gerji,3,7,51.0
Gerji,3,8,47.25
Gerji,3,9,28.5
Gerji,3,10,24.375
Gerji,3,11,23.125
Gerji,3,12,23.25
Gerji,3,13,24.875
Gerji,3,14,27.875
Gerji,3,15,20.5
Gerji,3,16,31.0
Gerji,3,17,40.125
Gerji,3,18,56.75
Gerji,3,19,45.125
Gerji,3,20,46.5
Gerji,3,21,32.42857142857143
Gerji,3,22,22.625
Gerji,3,23,13.5
Gerji,4,0,7.25
Gerji,4,1,5.375
Gerji,4,2,4.125
Gerji,4,3,4.875
Gerji,4,4,7.5
Gerji,4,5,19.285714285714285
Gerji,4,6,48.75
Gerji,4,7,60.375
Gerji,4,8,52.5
Gerji,4,9,27.625
Gerji,4,10,20.625
Gerji,4,11,18.625
Gerji,4,12,20.75
Gerji,4,13,27.125
Gerji,4,14,22.25
Gerji,4,15,19.875
Gerji,4,16,27.125
Gerji,4,17,42.75
Gerji,4,18,62.25
Gerji,4,19,58.25
Gerji,4,20,51.125
Gerji,4,21,40.375
Gerji,4,22,25.0
Gerji,4,23,11.333333333333334
Gerji,5,0,7.375
Gerji,5,1,5.75
Gerji,5,2,5.125
Gerji,5,3,5.25
Gerji,5,4,8.625
Gerji,5,5,7.125
Gerji,5,6,10.5
Gerji,5,7,16.75
Gerji,5,8,27.25
Gerji,5,9,33.375
Gerji,5,10,43.3125
Gerji,5,11,48.8125
Gerji,5,12,45.5
Gerji,5,13,39.875
Gerji,5,14,45.0
Gerji,5,15,42.625
Gerji,5,16,41.625
Gerji,5,17,53.25
Gerji,5,18,50.75
Gerji,5,19,55.0
Gerji,5,20,46.125
Gerji,5,21,31.625
Gerji,5,22,22.857142857142858
Gerji,5,23,11.875
Gerji,6,0,8.5
Gerji,6,1,6.375
Gerji,6,2,7.0
Gerji,6,3,5.5
Gerji,6,4,5.875
Gerji,6,5,7.875
Gerji,6,6,12.125
Gerji,6,7,16.125
Gerji,6,8,29.625
Gerji,6,9,34.75
Gerji,6,10,43.25
Gerji,6,11,42.875
Gerji,6,12,56.75
Gerji,6,13,53.625
Gerji,6,14,48.0
Gerji,6,15,45.625
Gerji,6,16,44.25
Gerji,6,17,50.0
Gerji,6,18,48.125
Gerji,6,19,42.25
Gerji,6,20,47.625
Gerji,6,21,31.375
Gerji,6,22,21.375
Gerji,6,23,11.75
Kazanchis,0,0,5.0
Kazanchis,0,1,5.5
Kazanchis,0,2,5.285714285714286
Kazanchis,0,3,5.75
Kazanchis,0,4,4.375
Kazanchis,0,5,9.625
Kazanchis,0,6,23.857142857142858
Kazanchis,0,7,67.375
Kazanchis,0,8,89.5
Kazanchis,0,9,56.5
Kazanchis,0,10,26.714285714285715
Kazanchis,0,11,25.75
Kazanchis,0,12,45.0
Kazanchis,0,13,60.375
Kazanchis,0,14,47.75
Kazanchis,0,15,48.25
Kazanchis,0,16,75.125
Kazanchis,0,17,111.75
Kazanchis,0,18,114.375
Kazanchis,0,19,79.375
Kazanchis,0,20,64.875
Kazanchis,0,21,27.625
Kazanchis,0,22,18.375
Kazanchis,0,23,9.125
Kazanchis,1,0,5.0
Kazanchis,1,1,6.75
Kazanchis,1,2,5.375
Kazanchis,1,3,5.625
Kazanchis,1,4,4.25
Kazanchis,1,5,9.125
Kazanchis,1,6,25.125
Kazanchis,1,7,70.375
Kazanchis,1,8,79.875
Kazanchis,1,9,61.25
Kazanchis,1,10,28.625
Kazanchis,1,11,22.142857142857142
Kazanchis,1,12,45.0
Kazanchis,1,13,60.375
Kazanchis,1,14,64.875
Kazanchis,1,15,44.125
Kazanchis,1,16,69.5
Kazanchis,1,17,105.6875
Kazanchis,1,18,121.25
Kazanchis,1,19,85.0
Kazanchis,1,20,55.5
Kazanchis,1,21,33.25
Kazanchis,1,22,16.5
Kazanchis,1,23,9.125
Kazanchis,2,0,6.25
Kazanchis,2,1,5.0
Kazanchis,2,2,6.625
Kazanchis,2,3,5.0
Kazanchis,2,4,5.875
Kazanchis,2,5,8.0
Kazanchis,2,6,24.375
Kazanchis,2,7,60.375
Kazanchis,2,8,85.625
Kazanchis,2,9,58.875
Kazanchis,2,10,28.125
Kazanchis,2,11,25.375
Kazanchis,2,12,47.75
Kazanchis,2,13,55.125
Kazanchis,2,14,45.75
Kazanchis,2,15,47.375
Kazanchis,2,16,86.5
Kazanchis,2,17,132.25
Kazanchis,2,18,132.0
Kazanchis,2,19,93.0
Kazanchis,2,20,70.5
Kazanchis,2,21,54.375
Kazanchis,2,22,24.125
Kazanchis,2,23,7.375
Kazanchis,3,0,7.125
Kazanchis,3,1,5.125
Kazanchis,3,2,5.25
Kazanchis,3,3,6.125
Kazanchis,3,4,4.75
Kazanchis,3,5,10.0
Kazanchis,3,6,23.5
Kazanchis,3,7,63.375
Kazanchis,3,8,66.5625
Kazanchis,3,9,60.875
Kazanchis,3,10,25.875
Kazanchis,3,11,23.625
Kazanchis,3,12,35.75
Kazanchis,3,13,58.5
Kazanchis,3,14,47.42857142857143
Kazanchis,3,15,44.5
Kazanchis,3,16,62.857142857142854
Kazanchis,3,17,91.5
Kazanchis,3,18,105.0
Kazanchis,3,19,84.875
Kazanchis,3,20,58.25
Kazanchis,3,21,33.5
Kazanchis,3,22,20.375
Kazanchis,3,23,9.125
Kazanchis,4,0,5.875
Kazanchis,4,1,5.875
Kazanchis,4,2,4.0
Kazanchis,4,3,5.25
Kazanchis,4,4,5.5
Kazanchis,4,5,7.75
Kazanchis,4,6,24.428571428571427
Kazanchis,4,7,68.375
Kazanchis,4,8,86.5
Kazanchis,4,9,61.125
Kazanchis,4,10,26.0
Kazanchis,4,11,24.75
Kazanchis,4,12,46.375
Kazanchis,4,13,64.25
Kazanchis,4,14,52.125
Kazanchis,4,15,53.0
Kazanchis,4,16,88.125
Kazanchis,4,17,139.75
Kazanchis,4,18,160.1875
Kazanchis,4,19,109.0
Kazanchis,4,20,74.25
Kazanchis,4,21,43.625
Kazanchis,4,22,25.75
Kazanchis,4,23,9.333333333333334
Kazanchis,5,0,7.5
Kazanchis,5,1,6.25
Kazanchis,5,2,6.5
Kazanchis,5,3,5.142857142857143
Kazanchis,5,4,6.625
Kazanchis,5,5,6.142857142857143
Kazanchis,5,6,6.75
Kazanchis,5,7,10.0
Kazanchis,5,8,17.375
Kazanchis,5,9,18.25
Kazanchis,5,10,24.75
Kazanchis,5,11,49.125
Kazanchis,5,12,30.375
Kazanchis,5,13,38.25
Kazanchis,5,14,42.75
Kazanchis,5,15,33.5
Kazanchis,5,16,33.625
Kazanchis,5,17,64.125
Kazanchis,5,18,113.25
Kazanchis,5,19,37.75
Kazanchis,5,20,32.75
Kazanchis,5,21,25.625
Kazanchis,5,22,17.125
Kazanchis,5,23,10.25
Kazanchis,6,0,6.75
Kazanchis,6,1,6.375
Kazanchis,6,2,4.25
Kazanchis,6,3,5.875
Kazanchis,6,4,6.0
Kazanchis,6,5,7.75
Kazanchis,6,6,7.75
Kazanchis,6,7,10.375
Kazanchis,6,8,14.875
Kazanchis,6,9,17.5
Kazanchis,6,10,21.625
Kazanchis,6,11,23.375
Kazanchis,6,12,25.0
Kazanchis,6,13,40.75
Kazanchis,6,14,32.375
Kazanchis,6,15,26.0
Kazanchis,6,16,29.75
Kazanchis,6,17,43.375
Kazanchis,6,18,47.75
Kazanchis,6,19,48.625
Kazanchis,6,20,34.625
Kazanchis,6,21,27.0
Kazanchis,6,22,15.625
Kazanchis,6,23,12.125
Kolfe,0,0,5.625
Kolfe,0,1,7.625
Kolfe,0,2,3.875
Kolfe,0,3,6.25
Kolfe,0,4,7.625
Kolfe,0,5,19.714285714285715
Kolfe,0,6,43.75
Kolfe,0,7,61.125
Kolfe,0,8,48.6875
Kolfe,0,9,29.375
Kolfe,0,10,17.875
Kolfe,0,11,19.375
Kolfe,0,12,23.0
Kolfe,0,13,25.857142857142858
Kolfe,0,14,19.625
Kolfe,0,15,17.375
Kolfe,0,16,23.625
Kolfe,0,17,39.125
Kolfe,0,18,42.75
Kolfe,0,19,50.125
Kolfe,0,20,42.875
Kolfe,0,21,31.714285714285715
Kolfe,0,22,18.25
Kolfe,0,23,11.75
Kolfe,1,0,5.25
Kolfe,1,1,4.75
Kolfe,1,2,4.5
Kolfe,1,3,5.5
Kolfe,1,4,7.75
Kolfe,1,5,16.125
Kolfe,1,6,43.125
Kolfe,1,7,67.25
Kolfe,1,8,44.375
Kolfe,1,9,26.0
Kolfe,1,10,18.5
Kolfe,1,11,19.375
Kolfe,1,12,22.375
Kolfe,1,13,22.125
Kolfe,1,14,22.625
Kolfe,1,15,19.375
Kolfe,1,16,29.875
Kolfe,1,17,37.125
Kolfe,1,18,52.125
Kolfe,1,19,51.125
Kolfe,1,20,47.625
Kolfe,1,21,34.0
Kolfe,1,22,19.625
Kolfe,1,23,11.375
Kolfe,2,0,5.75
Kolfe,2,1,4.625
Kolfe,2,2,4.375
Kolfe,2,3,4.375
Kolfe,2,4,8.875
Kolfe,2,5,21.75
Kolfe,2,6,47.75
Kolfe,2,7,56.875
Kolfe,2,8,49.5
Kolfe,2,9,30.125
Kolfe,2,10,23.375
Kolfe,2,11,21.857142857142858
Kolfe,2,12,20.625
Kolfe,2,13,23.625
Kolfe,2,14,19.625
Kolfe,2,15,19.25
Kolfe,2,16,25.375
Kolfe,2,17,35.125
Kolfe,2,18,46.125
Kolfe,2,19,49.25
Kolfe,2,20,45.0
Kolfe,2,21,30.5
Kolfe,2,22,19.0
Kolfe,2,23,10.875
Kolfe,3,0,6.875
Kolfe,3,1,4.375
Kolfe,3,2,4.625
Kolfe,3,3,5.0
Kolfe,3,4,6.571428571428571
Kolfe,3,5,19.25
Kolfe,3,6,41.875
Kolfe,3,7,53.625
Kolfe,3,8,42.625
Kolfe,3,9,27.5
Kolfe,3,10,25.0
Kolfe,3,11,23.5
Kolfe,3,12,22.0
Kolfe,3,13,23.75
Kolfe,3,14,25.714285714285715
Kolfe,3,15,19.25
Kolfe,3,16,26.25
Kolfe,3,17,38.375
Kolfe,3,18,48.125
Kolfe,3,19,44.5
Kolfe,3,20,46.0
Kolfe,3,21,29.875
Kolfe,3,22,20.875
Kolfe,3,23,10.75
Kolfe,4,0,4.75
Kolfe,4,1,4.875
Kolfe,4,2,3.5
Kolfe,4,3,3.875
Kolfe,4,4,7.375
Kolfe,4,5,16.125
Kolfe,4,6,42.375
Kolfe,4,7,63.5
Kolfe,4,8,45.75
Kolfe,4,9,26.25
Kolfe,4,10,22.0
Kolfe,4,11,19.75
Kolfe,4,12,25.5
Kolfe,4,13,23.0
Kolfe,4,14,20.25
Kolfe,4,15,19.4375
Kolfe,4,16,23.25
Kolfe,4,17,40.5
Kolfe,4,18,54.125
Kolfe,4,19,63.5
Kolfe,4,20,52.75
Kolfe,4,21,34.75
Kolfe,4,22,25.625
Kolfe,4,23,9.777777777777779
Kolfe,5,0,8.0
Kolfe,5,1,5.0
Kolfe,5,2,6.25
Kolfe,5,3,4.0
Kolfe,5,4,5.625
Kolfe,5,5,7.125
Kolfe,5,6,11.625
Kolfe,5,7,18.75
Kolfe,5,8,26.75
Kolfe,5,9,33.0
Kolfe,5,10,39.375
Kolfe,5,11,43.125
Kolfe,5,12,42.5
Kolfe,5,13,38.875
Kolfe,5,14,37.5
Kolfe,5,15,41.125
Kolfe,5,16,39.5
Kolfe,5,17,44.75
Kolfe,5,18,87.5
Kolfe,5,19,48.0
Kolfe,5,20,41.0
Kolfe,5,21,32.75
Kolfe,5,22,21.0
Kolfe,5,23,9.75
Kolfe,6,0,7.25
Kolfe,6,1,6.0
Kolfe,6,2,4.5
Kolfe,6,3,5.125
Kolfe,6,4,5.25
Kolfe,6,5,7.75
Kolfe,6,6,10.0
Kolfe,6,7,15.5
Kolfe,6,8,22.75
Kolfe,6,9,28.875
Kolfe,6,10,38.625
Kolfe,6,11,38.75
Kolfe,6,12,48.125
Kolfe,6,13,44.875
Kolfe,6,14,47.625
Kolfe,6,15,40.375
Kolfe,6,16,38.0625
Kolfe,6,17,45.75
Kolfe,6,18,45.75
Kolfe,6,19,46.25
Kolfe,6,20,32.375
Kolfe,6,21,29.714285714285715
Kolfe,6,22,24.875
Kolfe,6,23,11.625
Lideta,0,0,8.25
Lideta,0,1,5.5
Lideta,0,2,5.25
Lideta,0,3,6.875
Lideta,0,4,9.75
Lideta,0,5,16.875
Lideta,0,6,37.625
Lideta,0,7,65.125
Lideta,0,8,75.28571428571429
Lideta,0,9,48.5
Lideta,0,10,39.625
Lideta,0,11,40.75
Lideta,0,12,37.125
Lideta,0,13,37.875
Lideta,0,14,33.5
Lideta,0,15,34.25
Lideta,0,16,53.25
Lideta,0,17,64.0625
Lideta,0,18,79.0
Lideta,0,19,55.375
Lideta,0,20,34.25
Lideta,0,21,17.75
Lideta,0,22,10.125
Lideta,0,23,8.625
Lideta,1,0,6.875
Lideta,1,1,6.875
Lideta,1,2,6.25
Lideta,1,3,6.875
Lideta,1,4,6.75
Lideta,1,5,16.125
Lideta,1,6,41.625
Lideta,1,7,62.75
Lideta,1,8,66.875
Lideta,1,9,51.375
Lideta,1,10,35.375
Lideta,1,11,33.125
Lideta,1,12,40.125
Lideta,1,13,35.125
Lideta,1,14,44.75
Lideta,1,15,35.625
Lideta,1,16,49.57142857142857
Lideta,1,17,60.0
Lideta,1,18,79.5
Lideta,1,19,62.375
Lideta,1,20,36.75
Lideta,1,21,18.875
Lideta,1,22,7.5
Lideta,1,23,7.0
Lideta,2,0,5.6875
Lideta,2,1,7.75
Lideta,2,2,4.625
Lideta,2,3,5.75
Lideta,2,4,8.75
Lideta,2,5,13.625
Lideta,2,6,62.25
Lideta,2,7,53.6875
Lideta,2,8,62.0
Lideta,2,9,51.5625
Lideta,2,10,39.0
Lideta,2,11,35.375
Lideta,2,12,40.875
Lideta,2,13,45.25
Lideta,2,14,35.875
Lideta,2,15,35.25
Lideta,2,16,53.375
Lideta,2,17,79.5
Lideta,2,18,75.75
Lideta,2,19,56.625
Lideta,2,20,37.875
Lideta,2,21,19.0
Lideta,2,22,8.625
Lideta,2,23,7.625
Lideta,3,0,6.25
Lideta,3,1,5.875
Lideta,3,2,5.5
Lideta,3,3,7.125
Lideta,3,4,9.375
Lideta,3,5,17.125
Lideta,3,6,31.375
Lideta,3,7,64.375
Lideta,3,8,57.5
Lideta,3,9,47.875
Lideta,3,10,42.875
Lideta,3,11,37.125
Lideta,3,12,40.25
Lideta,3,13,39.375
Lideta,3,14,35.0
Lideta,3,15,39.25
Lideta,3,16,48.0
Lideta,3,17,69.625
Lideta,3,18,78.0
Lideta,3,19,59.57142857142857
Lideta,3,20,32.875
Lideta,3,21,17.75
Lideta,3,22,10.125
Lideta,3,23,7.5
Lideta,4,0,6.0
Lideta,4,1,7.375
Lideta,4,2,6.75
Lideta,4,3,8.5
Lideta,4,4,6.285714285714286
Lideta,4,5,12.75
Lideta,4,6,39.375
Lideta,4,7,102.75
Lideta,4,8,73.5
Lideta,4,9,44.125
Lideta,4,10,71.14285714285714
Lideta,4,11,35.9375
Lideta,4,12,40.0
Lideta,4,13,44.875
Lideta,4,14,42.25
Lideta,4,15,37.125
Lideta,4,16,46.9375
Lideta,4,17,80.5
Lideta,4,18,83.5
Lideta,4,19,71.0
Lideta,4,20,42.625
Lideta,4,21,19.375
Lideta,4,22,10.0
Lideta,4,23,8.0
Lideta,5,0,10.375
Lideta,5,1,6.875
Lideta,5,2,7.375
Lideta,5,3,8.0
Lideta,5,4,9.75
Lideta,5,5,9.75
Lideta,5,6,13.625
Lideta,5,7,17.428571428571427
Lideta,5,8,26.375
Lideta,5,9,29.25
Lideta,5,10,39.75
Lideta,5,11,40.25
Lideta,5,12,41.25
Lideta,5,13,45.125
Lideta,5,14,44.0
Lideta,5,15,47.875
Lideta,5,16,43.5
Lideta,5,17,46.875
Lideta,5,18,45.0
Lideta,5,19,35.625
Lideta,5,20,32.625
Lideta,5,21,20.5
Lideta,5,22,18.5
Lideta,5,23,12.5
Lideta,6,0,9.125
Lideta,6,1,7.25
Lideta,6,2,9.375
Lideta,6,3,11.375
Lideta,6,4,20.0
Lideta,6,5,11.0
Lideta,6,6,15.25
Lideta,6,7,22.625
Lideta,6,8,29.375
Lideta,6,9,34.625
Lideta,6,10,40.625
Lideta,6,11,41.75
Lideta,6,12,49.6875
Lideta,6,13,41.5
Lideta,6,14,43.375
Lideta,6,15,47.75
Lideta,6,16,53.875
Lideta,6,17,52.25
Lideta,6,18,43.57142857142857
Lideta,6,19,36.0
Lideta,6,20,27.125
Lideta,6,21,23.125
Lideta,6,22,14.875
Lideta,6,23,10.75
Megenagna,0,0,9.375
Megenagna,0,1,8.875
Megenagna,0,2,9.5
Megenagna,0,3,8.375
Megenagna,0,4,9.875
Megenagna,0,5,22.875
Megenagna,0,6,50.75
Megenagna,0,7,91.625
Megenagna,0,8,86.625
Megenagna,0,9,64.125
Megenagna,0,10,48.5
Megenagna,0,11,46.0
Megenagna,0,12,54.0
Megenagna,0,13,56.875
Megenagna,0,14,52.375
Megenagna,0,15,48.875
Megenagna,0,16,64.625
Megenagna,0,17,93.0
Megenagna,0,18,109.0
Megenagna,0,19,83.625
Megenagna,0,20,52.125
Megenagna,0,21,24.5
Megenagna,0,22,12.375
Megenagna,0,23,8.25
Megenagna,1,0,9.0
Megenagna,1,1,11.0
Megenagna,1,2,19.75
Megenagna,1,3,10.0
Megenagna,1,4,12.375
Megenagna,1,5,23.375
Megenagna,1,6,50.625
Megenagna,1,7,91.75
Megenagna,1,8,94.0
Megenagna,1,9,69.0
Megenagna,1,10,40.25
Megenagna,1,11,47.0
Megenagna,1,12,52.75
Megenagna,1,13,44.8125
Megenagna,1,14,61.5
Megenagna,1,15,50.125
Megenagna,1,16,74.875
Megenagna,1,17,94.0
Megenagna,1,18,106.9375
Megenagna,1,19,82.375
Megenagna,1,20,47.5
Megenagna,1,21,24.75
Megenagna,1,22,10.0
Megenagna,1,23,8.875
Megenagna,2,0,7.75
Megenagna,2,1,9.625
Megenagna,2,2,10.125
Megenagna,2,3,9.125
Megenagna,2,4,13.25
Megenagna,2,5,24.375
Megenagna,2,6,45.875
Megenagna,2,7,91.125
Megenagna,2,8,87.25
Megenagna,2,9,62.0
Megenagna,2,10,47.75
Megenagna,2,11,50.125
Megenagna,2,12,51.625
Megenagna,2,13,53.25
Megenagna,2,14,53.375
Megenagna,2,15,55.5
Megenagna,2,16,72.42857142857143
Megenagna,2,17,99.375
Megenagna,2,18,112.875
Megenagna,2,19,89.125
Megenagna,2,20,129.125
Megenagna,2,21,20.0
Megenagna,2,22,13.875
Megenagna,2,23,10.125
Megenagna,3,0,10.25
Megenagna,3,1,7.75
Megenagna,3,2,8.625
Megenagna,3,3,11.5
Megenagna,3,4,10.75
Megenagna,3,5,20.75
Megenagna,3,6,50.375
Megenagna,3,7,74.875
Megenagna,3,8,92.375
Megenagna,3,9,64.125
Megenagna,3,10,50.75
Megenagna,3,11,48.125
Megenagna,3,12,53.125
Megenagna,3,13,51.0
Megenagna,3,14,50.5
Megenagna,3,15,53.0625
Megenagna,3,16,65.5
Megenagna,3,17,85.75
Megenagna,3,18,101.5
Megenagna,3,19,73.25
Megenagna,3,20,41.0
Megenagna,3,21,23.714285714285715
Megenagna,3,22,15.375
Megenagna,3,23,9.0
Megenagna,4,0,10.375
Megenagna,4,1,11.5
Megenagna,4,2,6.125
Megenagna,4,3,9.125
Megenagna,4,4,13.875
Megenagna,4,5,24.0
Megenagna,4,6,54.625
Megenagna,4,7,81.625
Megenagna,4,8,86.25
Megenagna,4,9,65.5
Megenagna,4,10,45.125
Megenagna,4,11,49.75
Megenagna,4,12,57.375
Megenagna,4,13,67.125
Megenagna,4,14,57.75
Megenagna,4,15,52.0
Megenagna,4,16,62.57142857142857
Megenagna,4,17,103.75
Megenagna,4,18,118.625
Megenagna,4,19,95.0
Megenagna,4,20,55.5
Megenagna,4,21,23.5
Megenagna,4,22,17.375
Megenagna,4,23,10.222222222222221
Megenagna,5,0,12.857142857142858
Megenagna,5,1,12.25
Megenagna,5,2,12.25
Megenagna,5,3,12.428571428571429
Megenagna,5,4,13.75
Megenagna,5,5,15.5
Megenagna,5,6,20.625
Megenagna,5,7,25.5
Megenagna,5,8,41.5
Megenagna,5,9,40.375
Megenagna,5,10,54.375
Megenagna,5,11,56.25
Megenagna,5,12,57.125
Megenagna,5,13,61.0
Megenagna,5,14,62.125
Megenagna,5,15,65.25
Megenagna,5,16,58.75
Megenagna,5,17,66.125
Megenagna,5,18,56.125
Megenagna,5,19,52.625
Megenagna,5,20,45.625
Megenagna,5,21,28.25
Megenagna,5,22,24.875
Megenagna,5,23,16.0625
Megenagna,6,0,11.75
Megenagna,6,1,10.875
Megenagna,6,2,15.25
Megenagna,6,3,12.25
Megenagna,6,4,11.875
Megenagna,6,5,14.375
Megenagna,6,6,18.75
Megenagna,6,7,32.875
Megenagna,6,8,32.25
Megenagna,6,9,44.875
Megenagna,6,10,51.875
Megenagna,6,11,53.714285714285715
Megenagna,6,12,59.875
Megenagna,6,13,65.1875
Megenagna,6,14,72.375
Megenagna,6,15,64.0
Megenagna,6,16,62.25
Megenagna,6,17,66.625
Megenagna,6,18,54.875
Megenagna,6,19,41.9375
Megenagna,6,20,38.75
Megenagna,6,21,29.25
Megenagna,6,22,25.75
Megenagna,6,23,14.857142857142858
Merkato,0,0,5.3125
Merkato,0,1,4.25
Merkato,0,2,3.875
Merkato,0,3,5.25
Merkato,0,4,13.875
Merkato,0,5,20.714285714285715
Merkato,0,6,47.42857142857143
Merkato,0,7,91.5
Merkato,0,8,79.25
Merkato,0,9,78.375
Merkato,0,10,92.25
Merkato,0,11,94.875
Merkato,0,12,119.875
Merkato,0,13,98.625
Merkato,0,14,105.125
Merkato,0,15,93.125
Merkato,0,16,76.875
Merkato,0,17,61.125
Merkato,0,18,39.5
Merkato,0,19,23.75
Merkato,0,20,12.875
Merkato,0,21,7.875
Merkato,0,22,5.625
Merkato,0,23,2.75
Merkato,1,0,5.125
Merkato,1,1,4.25
Merkato,1,2,5.875
Merkato,1,3,7.125
Merkato,1,4,7.875
Merkato,1,5,21.375
Merkato,1,6,52.625
Merkato,1,7,83.75
Merkato,1,8,82.125
Merkato,1,9,81.875
Merkato,1,10,87.75
Merkato,1,11,103.375
Merkato,1,12,91.125
Merkato,1,13,100.5
Merkato,1,14,86.75
Merkato,1,15,98.875
Merkato,1,16,80.625
Merkato,1,17,62.5
Merkato,1,18,36.875
Merkato,1,19,25.0
Merkato,1,20,11.625
Merkato,1,21,8.375
Merkato,1,22,5.875
Merkato,1,23,4.4375
Merkato,2,0,5.25
Merkato,2,1,4.125
Merkato,2,2,3.625
Merkato,2,3,5.75
Merkato,2,4,10.75
Merkato,2,5,20.142857142857142
Merkato,2,6,52.0
Merkato,2,7,84.375
Merkato,2,8,77.375
Merkato,2,9,82.25
Merkato,2,10,94.25
Merkato,2,11,112.375
Merkato,2,12,107.875
Merkato,2,13,108.0
Merkato,2,14,103.25
Merkato,2,15,104.625
Merkato,2,16,79.85714285714286
Merkato,2,17,115.125
Merkato,2,18,39.625
Merkato,2,19,25.375
Merkato,2,20,13.75
Merkato,2,21,7.75
Merkato,2,22,6.375
Merkato,2,23,5.875
Merkato,3,0,5.125
Merkato,3,1,5.142857142857143
Merkato,3,2,5.125
Merkato,3,3,6.375
Merkato,3,4,10.428571428571429
Merkato,3,5,18.5
Merkato,3,6,51.25
Merkato,3,7,75.0
Merkato,3,8,82.75
Merkato,3,9,79.0
Merkato,3,10,87.25
Merkato,3,11,85.625
Merkato,3,12,95.875
Merkato,3,13,99.25
Merkato,3,14,100.625
Merkato,3,15,97.25
Merkato,3,16,81.125
Merkato,3,17,57.25
Merkato,3,18,38.5
Merkato,3,19,20.875
Merkato,3,20,13.25
Merkato,3,21,6.25
Merkato,3,22,5.875
Merkato,3,23,4.142857142857143
Merkato,4,0,6.875
Merkato,4,1,4.125
Merkato,4,2,4.571428571428571
Merkato,4,3,5.625
Merkato,4,4,10.625
Merkato,4,5,15.25
Merkato,4,6,56.0
Merkato,4,7,86.375
Merkato,4,8,75.625
Merkato,4,9,79.125
Merkato,4,10,88.125
Merkato,4,11,106.71428571428571
Merkato,4,12,96.375
Merkato,4,13,102.125
Merkato,4,14,101.28571428571429
Merkato,4,15,92.375
Merkato,4,16,79.75
Merkato,4,17,60.375
Merkato,4,18,34.5
Merkato,4,19,26.25
Merkato,4,20,11.25
Merkato,4,21,7.75
Merkato,4,22,4.625
Merkato,4,23,5.555555555555555
Merkato,5,0,6.5
Merkato,5,1,6.1875
Merkato,5,2,5.375
Merkato,5,3,6.125
Merkato,5,4,10.25
Merkato,5,5,24.625
Merkato,5,6,113.5
Merkato,5,7,100.57142857142857
Merkato,5,8,84.625
Merkato,5,9,93.25
Merkato,5,10,104.5
Merkato,5,11,106.75
Merkato,5,12,122.5
Merkato,5,13,111.5
Merkato,5,14,126.5
Merkato,5,15,111.125
Merkato,5,16,92.125
Merkato,5,17,68.5
Merkato,5,18,44.875
Merkato,5,19,28.625
Merkato,5,20,15.285714285714286
Merkato,5,21,8.375
Merkato,5,22,5.625
Merkato,5,23,7.0
Merkato,6,0,2.25
Merkato,6,1,3.6875
Merkato,6,2,2.625
Merkato,6,3,3.75
Merkato,6,4,4.9375
Merkato,6,5,8.0
Merkato,6,6,25.428571428571427
Merkato,6,7,48.25
Merkato,6,8,39.0
Merkato,6,9,45.75
Merkato,6,10,47.5
Merkato,6,11,50.0
Merkato,6,12,47.375
Merkato,6,13,50.125
Merkato,6,14,46.375
Merkato,6,15,45.875
Merkato,6,16,33.4375
Merkato,6,17,25.25
Merkato,6,18,20.75
Merkato,6,19,11.125
Merkato,6,20,5.875
Merkato,6,21,4.875
Merkato,6,22,1.875
Merkato,6,23,3.875
Piassa,0,0,4.5
Piassa,0,1,5.25
Piassa,0,2,5.625
Piassa,0,3,5.375
Piassa,0,4,5.0
Piassa,0,5,9.875
Piassa,0,6,20.5
Piassa,0,7,53.125
Piassa,0,8,76.0
Piassa,0,9,58.5
Piassa,0,10,27.25
Piassa,0,11,20.0
Piassa,0,12,36.875
Piassa,0,13,49.25
Piassa,0,14,46.4375
Piassa,0,15,37.75
Piassa,0,16,59.75
Piassa,0,17,85.5
Piassa,0,18,98.25
Piassa,0,19,76.5
Piassa,0,20,62.875
Piassa,0,21,32.0
Piassa,0,22,17.5
Piassa,0,23,7.375
Piassa,1,0,5.375
Piassa,1,1,4.375
Piassa,1,2,5.0
Piassa,1,3,6.625
Piassa,1,4,6.125
Piassa,1,5,7.25
Piassa,1,6,23.25
Piassa,1,7,51.25
Piassa,1,8,79.0
Piassa,1,9,58.625
Piassa,1,10,27.875
Piassa,1,11,20.25
Piassa,1,12,40.5
Piassa,1,13,57.125
Piassa,1,14,53.625
Piassa,1,15,45.0625
Piassa,1,16,62.25
Piassa,1,17,83.75
Piassa,1,18,104.0
Piassa,1,19,78.375
Piassa,1,20,60.5
Piassa,1,21,31.25
Piassa,1,22,17.75
Piassa,1,23,7.625
Piassa,2,0,4.875
Piassa,2,1,4.5
Piassa,2,2,3.875
Piassa,2,3,4.571428571428571
Piassa,2,4,5.375
Piassa,2,5,6.625
Piassa,2,6,26.75
Piassa,2,7,52.25
Piassa,2,8,75.9375
Piassa,2,9,53.875
Piassa,2,10,26.75
Piassa,2,11,24.25
Piassa,2,12,38.25
Piassa,2,13,53.125
Piassa,2,14,42.25
Piassa,2,15,48.25
Piassa,2,16,70.0
Piassa,2,17,87.1875
Piassa,2,18,107.625
Piassa,2,19,77.0
Piassa,2,20,56.0
Piassa,2,21,35.0
Piassa,2,22,16.875
Piassa,2,23,7.125
Piassa,3,0,5.75
Piassa,3,1,4.375
Piassa,3,2,3.5
Piassa,3,3,3.3125
Piassa,3,4,3.625
Piassa,3,5,8.125
Piassa,3,6,19.125
Piassa,3,7,55.625
Piassa,3,8,62.875
Piassa,3,9,55.625
Piassa,3,10,27.375
Piassa,3,11,22.625
Piassa,3,12,35.875
Piassa,3,13,53.375
Piassa,3,14,45.25
Piassa,3,15,43.875
Piassa,3,16,60.0
Piassa,3,17,93.25
Piassa,3,18,93.625
Piassa,3,19,65.125
Piassa,3,20,53.75
Piassa,3,21,29.75
Piassa,3,22,16.0
Piassa,3,23,9.125
Piassa,4,0,5.375
Piassa,4,1,5.25
Piassa,4,2,5.75
Piassa,4,3,4.625
Piassa,4,4,5.0
Piassa,4,5,6.125
Piassa,4,6,22.75
Piassa,4,7,55.5
Piassa,4,8,81.57142857142857
Piassa,4,9,53.375
Piassa,4,10,25.875
Piassa,4,11,18.875
Piassa,4,12,37.5
Piassa,4,13,58.125
Piassa,4,14,54.125
Piassa,4,15,51.125
Piassa,4,16,68.375
Piassa,4,17,110.25
Piassa,4,18,119.25
Piassa,4,19,96.25
Piassa,4,20,59.75
Piassa,4,21,34.0
Piassa,4,22,20.9375
Piassa,4,23,8.0
Piassa,5,0,7.25
Piassa,5,1,6.375
Piassa,5,2,7.25
Piassa,5,3,5.428571428571429
Piassa,5,4,5.875
Piassa,5,5,6.0
Piassa,5,6,6.25
Piassa,5,7,7.875
Piassa,5,8,15.5
Piassa,5,9,17.5
Piassa,5,10,22.75
Piassa,5,11,28.125
Piassa,5,12,27.625
Piassa,5,13,29.125
Piassa,5,14,25.375
Piassa,5,15,25.625
Piassa,5,16,23.142857142857142
Piassa,5,17,37.75
Piassa,5,18,44.375
Piassa,5,19,37.875
Piassa,5,20,30.8125
Piassa,5,21,24.25
Piassa,5,22,15.125
Piassa,5,23,9.125
Piassa,6,0,8.375
Piassa,6,1,5.375
Piassa,6,2,5.25
Piassa,6,3,3.9375
Piassa,6,4,5.75
Piassa,6,5,4.875
Piassa,6,6,8.25
Piassa,6,7,9.125
Piassa,6,8,12.5
Piassa,6,9,15.125
Piassa,6,10,20.0
Piassa,6,11,22.125
Piassa,6,12,55.8125
Piassa,6,13,29.0
Piassa,6,14,24.5
Piassa,6,15,20.375
Piassa,6,16,27.875
Piassa,6,17,32.0
Piassa,6,18,33.125
Piassa,6,19,32.125
Piassa,6,20,28.875
Piassa,6,21,21.375
Piassa,6,22,16.5
Piassa,6,23,7.875
Sarbet,0,0,4.875
Sarbet,0,1,5.125
Sarbet,0,2,3.5
Sarbet,0,3,4.5
Sarbet,0,4,8.0
Sarbet,0,5,17.25
Sarbet,0,6,45.625
Sarbet,0,7,55.5
Sarbet,0,8,49.375
Sarbet,0,9,25.375
Sarbet,0,10,19.571428571428573
Sarbet,0,11,18.25
Sarbet,0,12,23.571428571428573
Sarbet,0,13,22.125
Sarbet,0,14,23.25
Sarbet,0,15,18.375
Sarbet,0,16,25.75
Sarbet,0,17,29.857142857142858
Sarbet,0,18,44.125
Sarbet,0,19,45.25
Sarbet,0,20,47.142857142857146
Sarbet,0,21,29.875
Sarbet,0,22,20.625
Sarbet,0,23,10.3125
Sarbet,1,0,6.375
Sarbet,1,1,3.75
Sarbet,1,2,4.0
Sarbet,1,3,5.25
Sarbet,1,4,7.875
Sarbet,1,5,17.625
Sarbet,1,6,41.875
Sarbet,1,7,59.75
Sarbet,1,8,43.25
Sarbet,1,9,29.625
Sarbet,1,10,21.625
Sarbet,1,11,20.75
Sarbet,1,12,19.875
Sarbet,1,13,18.625
Sarbet,1,14,23.25
Sarbet,1,15,20.25
Sarbet,1,16,23.375
Sarbet,1,17,31.5
Sarbet,1,18,44.0
Sarbet,1,19,46.5
Sarbet,1,20,41.375
Sarbet,1,21,25.125
Sarbet,1,22,19.375
Sarbet,1,23,8.3125
Sarbet,2,0,6.0
Sarbet,2,1,4.0
Sarbet,2,2,5.375
Sarbet,2,3,3.25
Sarbet,2,4,7.375
Sarbet,2,5,23.875
Sarbet,2,6,42.5
Sarbet,2,7,59.25
Sarbet,2,8,43.75
Sarbet,2,9,25.25
Sarbet,2,10,19.25
Sarbet,2,11,18.875
Sarbet,2,12,17.0
Sarbet,2,13,21.25
Sarbet,2,14,16.0
Sarbet,2,15,17.625
Sarbet,2,16,23.625
Sarbet,2,17,38.625
Sarbet,2,18,42.625
Sarbet,2,19,49.25
Sarbet,2,20,43.125
Sarbet,2,21,28.25
Sarbet,2,22,19.25
Sarbet,2,23,8.25
Sarbet,3,0,6.5
Sarbet,3,1,5.0
Sarbet,3,2,4.625
Sarbet,3,3,3.75
Sarbet,3,4,7.375
Sarbet,3,5,14.625
Sarbet,3,6,42.25
Sarbet,3,7,49.375
Sarbet,3,8,40.875
Sarbet,3,9,28.25
Sarbet,3,10,22.375
Sarbet,3,11,22.5
Sarbet,3,12,23.25
Sarbet,3,13,21.142857142857142
Sarbet,3,14,23.625
Sarbet,3,15,21.75
Sarbet,3,16,21.875
Sarbet,3,17,39.5
Sarbet,3,18,46.125
Sarbet,3,19,42.25
Sarbet,3,20,43.875
Sarbet,3,21,29.625
Sarbet,3,22,21.5
Sarbet,3,23,9.875
Sarbet,4,0,4.375
Sarbet,4,1,3.25
Sarbet,4,2,4.5
Sarbet,4,3,4.5
Sarbet,4,4,9.625
Sarbet,4,5,18.125
Sarbet,4,6,43.625
Sarbet,4,7,56.8125
Sarbet,4,8,52.25
Sarbet,4,9,26.75
Sarbet,4,10,16.375
Sarbet,4,11,21.75
Sarbet,4,12,22.125
Sarbet,4,13,21.125
Sarbet,4,14,18.125
Sarbet,4,15,17.625
Sarbet,4,16,26.375
Sarbet,4,17,41.285714285714285
Sarbet,4,18,96.875
Sarbet,4,19,47.125
Sarbet,4,20,47.375
Sarbet,4,21,31.25
Sarbet,4,22,23.5
Sarbet,4,23,10.444444444444445
Sarbet,5,0,9.0
Sarbet,5,1,4.875
Sarbet,5,2,5.5625
Sarbet,5,3,6.142857142857143
Sarbet,5,4,4.625
Sarbet,5,5,4.875
Sarbet,5,6,9.5
Sarbet,5,7,12.875
Sarbet,5,8,24.0
Sarbet,5,9,31.0
Sarbet,5,10,36.5
Sarbet,5,11,42.125
Sarbet,5,12,40.75
Sarbet,5,13,37.0
Sarbet,5,14,40.75
Sarbet,5,15,42.0
Sarbet,5,16,42.125
Sarbet,5,17,43.25
Sarbet,5,18,40.142857142857146
Sarbet,5,19,43.25
Sarbet,5,20,41.125
Sarbet,5,21,28.125
Sarbet,5,22,19.0625
Sarbet,5,23,8.0
Sarbet,6,0,6.875
Sarbet,6,1,5.142857142857143
Sarbet,6,2,4.5
Sarbet,6,3,4.0
Sarbet,6,4,4.5
Sarbet,6,5,7.75
Sarbet,6,6,9.625
Sarbet,6,7,14.375
Sarbet,6,8,24.875
Sarbet,6,9,29.25
Sarbet,6,10,33.375
Sarbet,6,11,44.875
Sarbet,6,12,43.5
Sarbet,6,13,43.0
Sarbet,6,14,43.625
Sarbet,6,15,38.0625
Sarbet,6,16,42.0
Sarbet,6,17,44.875
Sarbet,6,18,43.25
Sarbet,6,19,44.0
Sarbet,6,20,33.5
Sarbet,6,21,30.625
Sarbet,6,22,18.0
Sarbet,6,23,12.125
